num_features,num_agents,max_iter,execution_time,convergence_curve,best_agent,best_fitness,best_accuracy,final_population,final_fitness,final_accuracy
28,20,100,6.901471853256226,"[0.6602799227799228, 0.7073841698841699, 0.6955791505791507, 0.7030936293436294, 0.682953667953668, 0.6825337837837837, 0.6609942084942084, 0.6728378378378379, 0.6788175675675676, 0.6771332046332045, 0.674203667953668, 0.6543870656370656, 0.6897249034749036, 0.6807046332046333, 0.6688368725868725, 0.6685472972972972, 0.6724469111969112, 0.6748793436293437, 0.6684411196911196, 0.6551399613899614, 0.675019305019305, 0.6563899613899614, 0.6637934362934363, 0.6608976833976834, 0.6582866795366797, 0.650738416988417, 0.6668291505791506, 0.667046332046332, 0.6523503861003861, 0.674811776061776, 0.6719787644787645, 0.6638658301158301, 0.6476978764478766, 0.6700482625482626, 0.6705936293436293, 0.6586776061776062, 0.6505550193050194, 0.6625772200772202, 0.6640395752895754, 0.667442084942085, 0.6409700772200773, 0.648445945945946, 0.6629005791505792, 0.6602895752895754, 0.6576013513513513, 0.6352123552123553, 0.6546332046332046, 0.6655791505791506, 0.6407963320463322, 0.6593629343629345, 0.6582866795366795, 0.6525289575289577, 0.6573552123552124, 0.6565299227799228, 0.6572104247104247, 0.6447683397683397, 0.6518098455598457, 0.653349420849421, 0.6572442084942085, 0.6496669884169884, 0.6599710424710425, 0.6466264478764479, 0.6635424710424711, 0.6477702702702703, 0.6476254826254826, 0.6567857142857142, 0.6461631274131273, 0.6587113899613899, 0.6591071428571429, 0.6541698841698842, 0.6557480694980696, 0.638542471042471, 0.6551061776061777, 0.6365395752895753, 0.6501303088803089, 0.6527027027027027, 0.6628281853281854, 0.6513899613899614, 0.6624372586872587, 0.6580019305019306, 0.6517760617760618, 0.6505984555984556, 0.6488416988416988, 0.6541361003861004, 0.6560328185328186, 0.6489864864864865, 0.6768194980694981, 0.6452992277992278, 0.6646862934362934, 0.6772731660231661, 0.659184362934363, 0.6591071428571429, 0.6668725868725869, 0.6501303088803089, 0.6541747104247104, 0.6269160231660231, 0.6508494208494209, 0.6649758687258689, 0.6592519305019306, 0.6467374517374518]","[1.0, 1.0, 0.0, 0.0, 0.0, 0.0, 0.0, 0.0, 0.0, 0.0, 1.0, 0.0, 1.0, 0.0, 0.0, 0.0, 1.0, 0.0, 0.0, 0.0, 0.0, 1.0, 0.0, 0.0, 0.0, 0.0, 0.0, 1.0]",0.9628378378378378,0.9864864864864865,,"[0.726061776061776, 0.6717181467181468, 0.6673745173745174, 0.6652509652509653, 0.6602316602316602, 0.6595559845559845, 0.6581081081081082, 0.655984555984556, 0.6509652509652509, 0.645945945945946, 0.645945945945946, 0.6423745173745173, 0.6388030888030888, 0.6352316602316602, 0.6323359073359073, 0.6316602316602317, 0.6316602316602317, 0.6230694980694981, 0.6109073359073358, 0.5815637065637066]","[0.7432432432432432, 0.7027027027027027, 0.6891891891891891, 0.6891891891891891, 0.6756756756756757, 0.6756756756756757, 0.6756756756756757, 0.6621621621621622, 0.6621621621621622, 0.6621621621621622, 0.6621621621621622, 0.6621621621621622, 0.6621621621621622, 0.6621621621621622, 0.6621621621621622, 0.6621621621621622, 0.6486486486486487, 0.6351351351351351, 0.6351351351351351, 0.5945945945945946]"
28,20,100,6.61430025100708,"[0.671153474903475, 0.6864575289575289, 0.653011583011583, 0.648257722007722, 0.6550579150579151, 0.6638513513513514, 0.6281563706563706, 0.6375675675675676, 0.6459025096525097, 0.6212548262548263, 0.6392471042471043, 0.6254054054054055, 0.6421476833976835, 0.6675096525096526, 0.6492277992277992, 0.6182528957528957, 0.6667905405405404, 0.6412596525096526, 0.6415395752895753, 0.6293774131274131, 0.6220415057915059, 0.6427606177606178, 0.6371042471042471, 0.6559942084942085, 0.6221911196911197, 0.6353185328185328, 0.6402557915057916, 0.635207528957529, 0.6428281853281854, 0.6565637065637064, 0.6596042471042473, 0.635603281853282, 0.6482287644787645, 0.6211196911196911, 0.6256225868725869, 0.6291312741312741, 0.6255501930501931, 0.6437934362934363, 0.622442084942085, 0.6322442084942086, 0.6293098455598456, 0.6433301158301158, 0.6548889961389961, 0.62265444015444, 0.6503426640926642, 0.6266940154440154, 0.6444787644787644, 0.6397152509652511, 0.6286679536679537, 0.6312451737451736, 0.6402944015444014, 0.6277702702702703, 0.6365733590733591, 0.6524565637065638, 0.6420463320463321, 0.6324179536679537, 0.6203330115830117, 0.6541650579150579, 0.6277702702702701, 0.6303812741312741, 0.6308156370656371, 0.6232239382239382, 0.63625, 0.624773166023166, 0.639184362934363, 0.6206949806949807, 0.6216167953667954, 0.6475868725868726, 0.6351061776061776, 0.6420125482625483, 0.6255212355212356, 0.649623552123552, 0.6299855212355212, 0.6353185328185329, 0.6331032818532819, 0.6271573359073359, 0.6279536679536679, 0.6469401544401544, 0.6335666023166022, 0.6366747104247105, 0.6453764478764479, 0.6318098455598455, 0.6317133204633205, 0.6467664092664094, 0.6308928571428571, 0.6574951737451737, 0.6212258687258687, 0.6313175675675675, 0.6329584942084943, 0.6432287644787646, 0.6385762548262549, 0.622765444015444, 0.6342808880308881, 0.6523455598455599, 0.6511727799227799, 0.639280888030888, 0.6511293436293435, 0.6044160231660232, 0.6320897683397684, 0.6367181467181467]","[0.0, 1.0, 0.0, 0.0, 0.0, 0.0, 0.0, 0.0, 0.0, 0.0, 0.0, 0.0, 0.0, 0.0, 1.0, 0.0, 0.0, 1.0, 0.0, 0.0, 1.0, 1.0, 0.0, 0.0, 0.0, 1.0, 0.0, 1.0]",0.9628378378378378,0.9864864864864865,,"[0.7933397683397683, 0.7296332046332046, 0.6681467181467182, 0.6652509652509653, 0.6631274131274131, 0.6581081081081082, 0.640926640926641, 0.6388030888030888, 0.6388030888030888, 0.6388030888030888, 0.6337837837837839, 0.6166023166023166, 0.6094594594594593, 0.6058880308880308, 0.5994208494208495, 0.5937258687258687, 0.5922779922779924, 0.5922779922779924, 0.5830115830115831, 0.5729729729729729]","[0.8378378378378378, 0.7432432432432432, 0.7027027027027027, 0.6891891891891891, 0.6756756756756757, 0.6756756756756757, 0.6621621621621622, 0.6621621621621622, 0.6621621621621622, 0.6486486486486487, 0.6486486486486487, 0.6216216216216216, 0.6216216216216216, 0.6216216216216216, 0.6081081081081081, 0.6081081081081081, 0.5945945945945946, 0.5945945945945946, 0.5945945945945946, 0.581081081081081]"
28,20,100,6.820199012756348,"[0.6289044401544401, 0.6613851351351352, 0.6530164092664091, 0.655304054054054, 0.6613513513513515, 0.62632722007722, 0.645511583011583, 0.642861969111969, 0.6395366795366796, 0.6328523166023166, 0.6172876447876446, 0.6286631274131274, 0.6188272200772201, 0.6416505791505792, 0.6365685328185328, 0.636138996138996, 0.6669739382239381, 0.6358590733590732, 0.6581756756756756, 0.6294160231660232, 0.6387837837837836, 0.635603281853282, 0.6290250965250965, 0.6140009652509653, 0.6251930501930503, 0.6155019305019305, 0.6333832046332047, 0.6147152509652509, 0.6189382239382238, 0.6121766409266409, 0.6283445945945946, 0.6067084942084942, 0.6104247104247104, 0.6054150579150579, 0.6118243243243243, 0.6165444015444015, 0.607953667953668, 0.6163947876447875, 0.6351785714285714, 0.6009121621621621, 0.601307915057915, 0.610207528957529, 0.6132191119691119, 0.6302750965250964, 0.58746138996139, 0.6047393822393823, 0.6422200772200771, 0.605738416988417, 0.6096766409266409, 0.6083445945945947, 0.610530888030888, 0.6220125482625483, 0.6103909266409266, 0.6150048262548262, 0.5965830115830115, 0.6053040540540541, 0.6207963320463321, 0.6149324324324325, 0.6045945945945946, 0.606742277992278, 0.6006611969111969, 0.6189720077220077, 0.6251640926640928, 0.6014864864864865, 0.6354633204633204, 0.6147490347490348, 0.6038127413127413, 0.61761583011583, 0.6310666023166023, 0.6092471042471043, 0.6245559845559845, 0.5913223938223938, 0.6200820463320463, 0.6190057915057914, 0.6224758687258688, 0.5958687258687259, 0.6354584942084942, 0.6242712355212354, 0.5985183397683398, 0.6248021235521236, 0.6103523166023166, 0.6389720077220077, 0.6106418918918919, 0.6165830115830115, 0.6199034749034749, 0.6165444015444015, 0.6237644787644787, 0.632388996138996, 0.6039527027027026, 0.616399613899614, 0.5999131274131273, 0.616722972972973, 0.6140685328185329, 0.6147586872586872, 0.6287741312741313, 0.6209073359073359, 0.6190106177606177, 0.6076399613899613, 0.6039864864864865, 0.6045994208494208]","[0.0, 0.0, 0.0, 0.0, 0.0, 0.0, 0.0, 0.0, 0.0, 0.0, 0.0, 0.0, 0.0, 1.0, 1.0, 0.0, 1.0, 0.0, 0.0, 0.0, 0.0, 0.0, 1.0, 1.0, 0.0, 1.0, 0.0, 1.0]",0.9628378378378378,0.9864864864864865,,"[0.691023166023166, 0.6616795366795367, 0.6595559845559845, 0.6581081081081082, 0.645945945945946, 0.6444980694980695, 0.6323359073359073, 0.6216216216216215, 0.6216216216216215, 0.6180501930501929, 0.6166023166023166, 0.6023166023166022, 0.5643822393822394, 0.5608108108108107, 0.5572393822393822, 0.5536679536679536, 0.5500965250965251, 0.5465250965250965, 0.5465250965250965, 0.5393822393822394]","[0.7162162162162162, 0.6891891891891891, 0.6756756756756757, 0.6756756756756757, 0.6621621621621622, 0.6486486486486487, 0.6351351351351351, 0.6351351351351351, 0.6351351351351351, 0.6351351351351351, 0.6216216216216216, 0.6216216216216216, 0.5675675675675675, 0.5675675675675675, 0.5675675675675675, 0.5675675675675675, 0.5675675675675675, 0.5675675675675675, 0.5675675675675675, 0.5675675675675675]"
28,20,100,7.028764963150024,"[0.6317664092664093, 0.6595222007722008, 0.6515781853281852, 0.6482915057915057, 0.6338416988416988, 0.6579150579150579, 0.657519305019305, 0.6640685328185327, 0.663996138996139, 0.6469401544401545, 0.6416505791505792, 0.6650772200772201, 0.6304488416988417, 0.647519305019305, 0.6296718146718148, 0.6407577220077221, 0.6255212355212355, 0.6309604247104247, 0.630815637065637, 0.6511679536679537, 0.6277027027027027, 0.6379343629343628, 0.6400434362934364, 0.6424372586872586, 0.6327123552123551, 0.6106081081081081, 0.6469835907335908, 0.6217712355212355, 0.6394305019305018, 0.6369305019305019, 0.6422586872586873, 0.629203667953668, 0.6278426640926642, 0.6279536679536679, 0.6139671814671815, 0.6374662162162162, 0.6254488416988416, 0.5933349420849421, 0.6182963320463319, 0.6051303088803089, 0.6203716216216215, 0.6161534749034749, 0.6268774131274132, 0.6314913127413128, 0.5975530888030889, 0.6245559845559846, 0.6354584942084942, 0.6306708494208493, 0.6193001930501929, 0.6275916988416987, 0.6196573359073358, 0.6245173745173745, 0.6454054054054055, 0.6146476833976834, 0.6336003861003862, 0.6623986486486487, 0.6112162162162161, 0.6187596525096526, 0.6132142857142856, 0.6294980694980696, 0.6321718146718147, 0.6168677606177606, 0.6196911196911199, 0.621476833976834, 0.622804054054054, 0.6369305019305019, 0.6318484555984556, 0.6375772200772201, 0.6335376447876448, 0.640400579150579, 0.6098889961389962, 0.6394015444015444, 0.6323166023166024, 0.6255598455598456, 0.6203378378378378, 0.6392519305019305, 0.6167326254826255, 0.660926640926641, 0.6020656370656371, 0.6139720077220077, 0.6229102316602317, 0.607427606177606, 0.617292471042471, 0.6322828185328185, 0.6300289575289575, 0.6231660231660231, 0.6200820463320463, 0.6230212355212356, 0.6540250965250967, 0.623730694980695, 0.6061438223938225, 0.6224131274131274, 0.636611969111969, 0.6156225868725869, 0.6280212355212356, 0.6235907335907336, 0.6426930501930502, 0.6147586872586872, 0.6087113899613901, 0.6304584942084941]","[1.0, 1.0, 0.0, 0.0, 0.0, 0.0, 0.0, 1.0, 0.0, 0.0, 0.0, 0.0, 0.0, 1.0, 0.0, 1.0, 0.0, 0.0, 0.0, 0.0, 1.0, 0.0, 0.0, 1.0, 0.0, 0.0, 0.0, 1.0]",0.9471042471042471,0.972972972972973,,"[0.7611003861003861, 0.6688223938223938, 0.6631274131274131, 0.6616795366795367, 0.6524131274131274, 0.6495173745173746, 0.6466216216216215, 0.6394787644787644, 0.6337837837837839, 0.6230694980694981, 0.6216216216216215, 0.6180501930501929, 0.6180501930501929, 0.6166023166023166, 0.6123552123552124, 0.5972972972972974, 0.5958494208494209, 0.5815637065637066, 0.5773166023166023, 0.5708494208494209]","[0.7702702702702703, 0.6891891891891891, 0.6891891891891891, 0.6756756756756757, 0.6756756756756757, 0.6621621621621622, 0.6486486486486487, 0.6486486486486487, 0.6486486486486487, 0.6351351351351351, 0.6351351351351351, 0.6351351351351351, 0.6351351351351351, 0.6351351351351351, 0.6216216216216216, 0.6216216216216216, 0.6081081081081081, 0.5945945945945946, 0.5945945945945946, 0.5945945945945946]"
28,20,100,6.799419641494751,"[0.6863513513513515, 0.6396380308880308, 0.6661776061776062, 0.6712596525096526, 0.6704391891891892, 0.6727316602316604, 0.6643243243243243, 0.6605357142857143, 0.6565637065637067, 0.6862934362934363, 0.6720125482625483, 0.6731274131274132, 0.675091698841699, 0.6684025096525097, 0.6704391891891892, 0.6660376447876448, 0.6647586872586873, 0.6621476833976835, 0.6682287644787644, 0.6601399613899612, 0.687292471042471, 0.6592471042471043, 0.6589237451737452, 0.6507287644787645, 0.6490926640926642, 0.673561776061776, 0.6470222007722009, 0.6518050193050193, 0.6515588803088803, 0.6501303088803089, 0.6440106177606177, 0.6488030888030888, 0.646944980694981, 0.642292471042471, 0.6575675675675676, 0.6499131274131276, 0.6613223938223938, 0.6365395752895753, 0.6542422779922779, 0.6596814671814671, 0.6393967181467182, 0.6451930501930503, 0.6568918918918919, 0.6628281853281853, 0.6513127413127413, 0.6622876447876448, 0.6489140926640926, 0.6552799227799226, 0.6603523166023166, 0.6452702702702703, 0.6588223938223937, 0.6710521235521236, 0.6416505791505791, 0.6539864864864865, 0.6485279922779924, 0.6500579150579152, 0.6498069498069499, 0.6433397683397684, 0.6687258687258687, 0.6580357142857143, 0.6406129343629344, 0.6699083011583011, 0.6461196911196911, 0.646307915057915, 0.6633976833976835, 0.6676254826254826, 0.6519884169884169, 0.6464430501930502, 0.6428330115830116, 0.6491312741312741, 0.6472683397683399, 0.662861969111969, 0.6694835907335906, 0.6504488416988417, 0.649054054054054, 0.648445945945946, 0.6483445945945946, 0.6603571428571429, 0.6473359073359073, 0.659507722007722, 0.661645752895753, 0.6481274131274132, 0.6501978764478764, 0.6483735521235521, 0.6460183397683398, 0.6310955598455599, 0.6406853281853282, 0.6551013513513515, 0.6571380308880309, 0.6403330115830115, 0.6596090733590734, 0.6371138996138996, 0.6319932432432432, 0.6519256756756757, 0.6410810810810811, 0.6506322393822394, 0.6443291505791505, 0.6407239382239382, 0.6340347490347491, 0.6502027027027028]","[0.0, 1.0, 0.0, 0.0, 0.0, 0.0, 0.0, 0.0, 0.0, 0.0, 0.0, 0.0, 1.0, 0.0, 0.0, 0.0, 0.0, 1.0, 0.0, 0.0, 0.0, 1.0, 0.0, 1.0, 0.0, 1.0, 0.0, 1.0]",0.9385135135135134,0.9594594594594594,,"[0.8111969111969112, 0.731081081081081, 0.7067567567567568, 0.6831081081081081, 0.6616795366795367, 0.6616795366795367, 0.6581081081081082, 0.6581081081081082, 0.6566602316602317, 0.6509652509652509, 0.6509652509652509, 0.6495173745173746, 0.6495173745173746, 0.6438223938223938, 0.6423745173745173, 0.5922779922779924, 0.577992277992278, 0.5744208494208495, 0.5729729729729729, 0.5708494208494209]","[0.8378378378378378, 0.7567567567567568, 0.7297297297297297, 0.6756756756756757, 0.6756756756756757, 0.6756756756756757, 0.6756756756756757, 0.6756756756756757, 0.6756756756756757, 0.6756756756756757, 0.6756756756756757, 0.6621621621621622, 0.6621621621621622, 0.6621621621621622, 0.6621621621621622, 0.5945945945945946, 0.5945945945945946, 0.5945945945945946, 0.5945945945945946, 0.581081081081081]"
28,20,100,6.567671537399292,"[0.6476833976833977, 0.6237934362934363, 0.6535521235521236, 0.6335569498069498, 0.627046332046332, 0.6280212355212356, 0.6183204633204633, 0.6230164092664092, 0.6164333976833978, 0.6099276061776062, 0.6412548262548261, 0.65359555984556, 0.6348938223938224, 0.5988030888030887, 0.6370366795366798, 0.6076013513513514, 0.6310279922779922, 0.5951592664092663, 0.6044160231660232, 0.6097490347490349, 0.6071042471042472, 0.594903474903475, 0.6201930501930502, 0.6079633204633206, 0.6017712355212355, 0.6111100386100387, 0.5919353281853282, 0.5900434362934363, 0.5823455598455599, 0.5856756756756758, 0.5994835907335908, 0.5874613899613899, 0.6093194980694981, 0.6033783783783784, 0.6006611969111969, 0.5998407335907336, 0.6175434362934363, 0.6094256756756756, 0.5886052123552123, 0.604811776061776, 0.6113947876447876, 0.591969111969112, 0.6181129343629344, 0.5901496138996138, 0.5940444015444015, 0.6146814671814671, 0.611611969111969, 0.6204440154440155, 0.5828474903474905, 0.5865009652509652, 0.6028426640926642, 0.5995125482625483, 0.6042326254826255, 0.605453667953668, 0.5943677606177605, 0.5908976833976836, 0.585530888030888, 0.5912162162162162, 0.6091409266409267, 0.5898889961389961, 0.5956563706563707, 0.5812017374517374, 0.618976833976834, 0.5871042471042471, 0.6051013513513512, 0.596761583011583, 0.5921476833976834, 0.6109942084942086, 0.6245173745173747, 0.5842471042471042, 0.5958638996138996, 0.5771283783783785, 0.5930405405405406, 0.6067084942084943, 0.6040250965250964, 0.583996138996139, 0.5959073359073359, 0.6099613899613899, 0.5793098455598455, 0.5898986486486486, 0.5944691119691119, 0.5745849420849423, 0.6001592664092664, 0.6001206563706564, 0.5950144787644789, 0.5833832046332047, 0.6204440154440154, 0.6185086872586874, 0.5869980694980694, 0.5943677606177606, 0.6043098455598456, 0.5923986486486486, 0.5903957528957529, 0.6010521235521236, 0.5816698841698842, 0.5973021235521235, 0.6016988416988416, 0.608030888030888, 0.6204440154440155, 0.5761631274131275]","[0.0, 0.0, 0.0, 0.0, 0.0, 0.0, 0.0, 0.0, 0.0, 0.0, 0.0, 0.0, 0.0, 1.0, 0.0, 0.0, 0.0, 0.0, 0.0, 0.0, 0.0, 0.0, 1.0, 1.0, 0.0, 0.0, 1.0, 1.0]",0.9821428571428571,1.0,,"[0.6616795366795367, 0.6566602316602317, 0.6180501930501929, 0.6180501930501929, 0.6080115830115831, 0.6037644787644787, 0.6023166023166022, 0.5715250965250965, 0.5708494208494209, 0.5672779922779924, 0.5608108108108107, 0.5557915057915058, 0.54507722007722, 0.54507722007722, 0.54507722007722, 0.5415057915057915, 0.5415057915057915, 0.5415057915057915, 0.5379343629343629, 0.5307915057915058]","[0.6756756756756757, 0.6621621621621622, 0.6351351351351351, 0.6351351351351351, 0.6351351351351351, 0.6216216216216216, 0.6081081081081081, 0.5945945945945946, 0.5945945945945946, 0.5675675675675675, 0.5675675675675675, 0.5540540540540541, 0.5540540540540541, 0.5540540540540541, 0.5540540540540541, 0.5540540540540541, 0.5540540540540541, 0.5540540540540541, 0.5540540540540541, 0.5540540540540541]"
28,20,100,6.537474870681763,"[0.6598455598455599, 0.6509700772200772, 0.6461486486486486, 0.6273696911196911, 0.6500820463320464, 0.6553812741312741, 0.6746283783783784, 0.6613947876447877, 0.6528137065637066, 0.655815637065637, 0.6485231660231661, 0.656780888030888, 0.6688030888030887, 0.6658011583011583, 0.6681225868725869, 0.6569305019305018, 0.6440878378378379, 0.6498117760617761, 0.6554971042471043, 0.6611824324324325, 0.6532432432432432, 0.6461583011583011, 0.6709507722007723, 0.6655453667953667, 0.6712355212355213, 0.670738416988417, 0.6478764478764478, 0.6722683397683399, 0.679319498069498, 0.6709169884169884, 0.6405453667953669, 0.6414430501930501, 0.6369691119691119, 0.6610424710424709, 0.6403716216216216, 0.6383638996138996, 0.6161872586872587, 0.6569691119691119, 0.6521380308880309, 0.6478137065637066, 0.6474179536679536, 0.6542857142857142, 0.6524565637065637, 0.6440202702702702, 0.6277027027027027, 0.6474565637065638, 0.6557866795366796, 0.6601544401544401, 0.6482335907335908, 0.6452316602316601, 0.6694208494208495, 0.6494546332046331, 0.6470222007722007, 0.6420511583011581, 0.6559314671814671, 0.6399372586872587, 0.6388706563706564, 0.659145752895753, 0.6503861003861005, 0.6588272200772202, 0.6426978764478765, 0.6737113899613899, 0.6678764478764478, 0.65882722007722, 0.6485279922779922, 0.6671959459459459, 0.6560376447876448, 0.6689140926640926, 0.6361148648648649, 0.6453040540540541, 0.6577895752895753, 0.6454102316602317, 0.6440250965250965, 0.6739527027027026, 0.650815637065637, 0.6525289575289576, 0.6650530888030888, 0.6477075289575289, 0.6475579150579149, 0.6560666023166024, 0.6393677606177606, 0.6592181467181467, 0.6494932432432432, 0.6429440154440155, 0.648807915057915, 0.6406853281853282, 0.67496138996139, 0.6465926640926641, 0.65621138996139, 0.6582528957528957, 0.6456660231660231, 0.6612934362934362, 0.6521380308880309, 0.6531032818532818, 0.6652992277992279, 0.6432673745173745, 0.6566071428571428, 0.6539527027027027, 0.61636583011583, 0.6792857142857143]","[0.0, 0.0, 0.0, 0.0, 0.0, 0.0, 1.0, 0.0, 1.0, 0.0, 0.0, 0.0, 0.0, 0.0, 0.0, 0.0, 0.0, 0.0, 0.0, 1.0, 0.0, 1.0, 1.0, 1.0, 0.0, 0.0, 0.0, 1.0]",0.9506756756756757,0.972972972972973,,"[0.7332046332046331, 0.7224903474903475, 0.7203667953667954, 0.7138996138996139, 0.7138996138996139, 0.7117760617760617, 0.7067567567567568, 0.7067567567567568, 0.6996138996138995, 0.6945945945945946, 0.680984555984556, 0.6688223938223938, 0.6581081081081082, 0.6581081081081082, 0.6545366795366795, 0.6473938223938224, 0.6438223938223938, 0.6352316602316602, 0.6302123552123552, 0.5851351351351353]","[0.7567567567567568, 0.7432432432432432, 0.7432432432432432, 0.7432432432432432, 0.7297297297297297, 0.7297297297297297, 0.7297297297297297, 0.7297297297297297, 0.7297297297297297, 0.7162162162162162, 0.6891891891891891, 0.6756756756756757, 0.6756756756756757, 0.6756756756756757, 0.6756756756756757, 0.6756756756756757, 0.6756756756756757, 0.6621621621621622, 0.6486486486486487, 0.5945945945945946]"
28,20,100,6.273684501647949,"[0.6676447876447875, 0.702442084942085, 0.6818146718146719, 0.6841698841698842, 0.672292471042471, 0.6657866795366796, 0.6622779922779923, 0.6686776061776062, 0.705984555984556, 0.6892133204633206, 0.685492277992278, 0.6727944015444016, 0.6689671814671815, 0.6635328185328184, 0.6746573359073359, 0.6633928571428571, 0.676230694980695, 0.6547007722007723, 0.6815588803088803, 0.6768774131274131, 0.6702557915057915, 0.6701158301158301, 0.6675434362934364, 0.6673262548262548, 0.6497635135135136, 0.6598503861003862, 0.674618725868726, 0.6614285714285716, 0.6691505791505792, 0.6562403474903475, 0.6590250965250963, 0.6663610038610039, 0.6547393822393822, 0.6689720077220076, 0.6726158301158301, 0.6638223938223938, 0.6548793436293436, 0.665719111969112, 0.6706901544401545, 0.6914720077220078, 0.6627847490347492, 0.6675096525096524, 0.6661872586872587, 0.66246138996139, 0.665, 0.6893581081081082, 0.6652895752895753, 0.6721621621621623, 0.6720125482625483, 0.6880019305019305, 0.6708397683397683, 0.6683638996138997, 0.6600675675675676, 0.6701640926640927, 0.6982673745173745, 0.6626110038610039, 0.6876833976833978, 0.6712644787644787, 0.6440830115830115, 0.6735569498069498, 0.6833880308880309, 0.6901158301158301, 0.6664768339768339, 0.674203667953668, 0.6925868725868727, 0.6646138996138996, 0.6618581081081081, 0.660608108108108, 0.6968436293436293, 0.6552413127413128, 0.6790299227799229, 0.6729826254826253, 0.6545608108108109, 0.6827509652509652, 0.6692664092664095, 0.6909700772200773, 0.6896187258687259, 0.6611486486486486, 0.678885135135135, 0.6732046332046333, 0.6898359073359074, 0.6648648648648647, 0.6767084942084943, 0.6905164092664093, 0.6584652509652509, 0.6925916988416989, 0.6567519305019306, 0.6763513513513513, 0.6833638996138995, 0.6778523166023166, 0.6638706563706565, 0.6809218146718147, 0.6511341698841699, 0.6803571428571428, 0.6768870656370656, 0.6643291505791507, 0.6640057915057914, 0.6726689189189189, 0.6665830115830115, 0.6710569498069499]","[0.0, 0.0, 0.0, 0.0, 0.0, 0.0, 0.0, 0.0, 0.0, 0.0, 0.0, 0.0, 0.0, 0.0, 1.0, 1.0, 0.0, 0.0, 0.0, 1.0, 0.0, 0.0, 0.0, 1.0, 0.0, 1.0, 0.0, 1.0]",0.9542471042471042,0.972972972972973,,"[0.726061776061776, 0.7053088803088804, 0.6895752895752897, 0.6895752895752897, 0.6860038610038611, 0.6860038610038611, 0.6824324324324325, 0.680984555984556, 0.6788610038610039, 0.6788610038610039, 0.6752895752895753, 0.6702702702702703, 0.6688223938223938, 0.6631274131274131, 0.6595559845559845, 0.6581081081081082, 0.6545366795366795, 0.6495173745173746, 0.6352316602316602, 0.5830115830115831]","[0.7432432432432432, 0.7162162162162162, 0.7027027027027027, 0.7027027027027027, 0.7027027027027027, 0.7027027027027027, 0.7027027027027027, 0.7027027027027027, 0.7027027027027027, 0.7027027027027027, 0.6891891891891891, 0.6891891891891891, 0.6891891891891891, 0.6891891891891891, 0.6756756756756757, 0.6756756756756757, 0.6756756756756757, 0.6621621621621622, 0.6621621621621622, 0.6081081081081081]"
28,20,100,6.378710031509399,"[0.6495028957528957, 0.658161196911197, 0.6496525096525096, 0.6545511583011583, 0.6791264478764478, 0.6470801158301158, 0.6454633204633204, 0.6609942084942084, 0.6611389961389961, 0.6581370656370658, 0.6292664092664093, 0.6715106177606178, 0.6427895752895754, 0.6313803088803089, 0.6590685328185327, 0.66253861003861, 0.6558156370656372, 0.653199806949807, 0.6540250965250965, 0.6580694980694981, 0.6447972972972973, 0.6384652509652509, 0.6289478764478765, 0.6301640926640927, 0.6371428571428572, 0.6465830115830115, 0.6628571428571429, 0.6409700772200772, 0.6499083011583011, 0.6417229729729729, 0.6492277992277994, 0.6497635135135136, 0.6616505791505791, 0.6403667953667954, 0.655777027027027, 0.6450868725868726, 0.6371766409266411, 0.6225096525096526, 0.6179391891891892, 0.6608590733590735, 0.6416843629343629, 0.6392905405405405, 0.6594594594594595, 0.6518774131274131, 0.6284169884169885, 0.6464092664092667, 0.6501978764478765, 0.6393243243243243, 0.614319498069498, 0.6456853281853283, 0.6340733590733592, 0.6442953667953668, 0.6366023166023165, 0.6162210424710425, 0.6503088803088803, 0.6443001930501931, 0.633996138996139, 0.6476640926640926, 0.64, 0.65367277992278, 0.6440830115830116, 0.6355743243243243, 0.6412934362934364, 0.6239140926640927, 0.6441554054054055, 0.6582770270270271, 0.6353233590733589, 0.6216554054054054, 0.6329247104247104, 0.6247007722007721, 0.6442953667953669, 0.6229777992277991, 0.6471621621621624, 0.6302075289575291, 0.6404295366795367, 0.6468774131274132, 0.6411872586872588, 0.6494111969111971, 0.6541698841698842, 0.6287355212355212, 0.6538851351351351, 0.6390057915057915, 0.6531322393822394, 0.6360666023166023, 0.6444401544401545, 0.6484121621621621, 0.623581081081081, 0.673807915057915, 0.6459749034749036, 0.6278474903474903, 0.6446862934362935, 0.6441602316602315, 0.6454729729729731, 0.6498069498069498, 0.6394353281853282, 0.6390009652509653, 0.6284555984555984, 0.633957528957529, 0.6438272200772202, 0.6325]","[1.0, 0.0, 0.0, 1.0, 0.0, 0.0, 0.0, 0.0, 0.0, 1.0, 0.0, 0.0, 0.0, 0.0, 0.0, 0.0, 0.0, 1.0, 0.0, 1.0, 0.0, 1.0, 0.0, 1.0, 0.0, 0.0, 1.0, 1.0]",0.9678571428571429,1.0,,"[0.7067567567567568, 0.6860038610038611, 0.6838803088803089, 0.6530888030888031, 0.6495173745173746, 0.645945945945946, 0.645945945945946, 0.645945945945946, 0.6423745173745173, 0.6423745173745173, 0.6352316602316602, 0.6337837837837839, 0.6337837837837839, 0.6245173745173745, 0.613030888030888, 0.6094594594594593, 0.5972972972972974, 0.5937258687258687, 0.5643822393822394, 0.542953667953668]","[0.7297297297297297, 0.7162162162162162, 0.7027027027027027, 0.6621621621621622, 0.6621621621621622, 0.6621621621621622, 0.6621621621621622, 0.6621621621621622, 0.6621621621621622, 0.6621621621621622, 0.6621621621621622, 0.6621621621621622, 0.6486486486486487, 0.6486486486486487, 0.6216216216216216, 0.6216216216216216, 0.6081081081081081, 0.6081081081081081, 0.5675675675675675, 0.5675675675675675]"
28,20,100,6.292050838470459,"[0.655661196911197, 0.656703667953668, 0.671684362934363, 0.6709411196911197, 0.6584893822393822, 0.6330598455598455, 0.6486196911196911, 0.6762017374517375, 0.6604633204633206, 0.6527702702702702, 0.6442953667953668, 0.6518436293436294, 0.646476833976834, 0.6540588803088803, 0.6649710424710424, 0.6366747104247104, 0.6405357142857142, 0.6586003861003861, 0.6669353281853282, 0.6465540540540541, 0.6417567567567567, 0.6439720077220077, 0.6412934362934363, 0.633315637065637, 0.6313175675675676, 0.659280888030888, 0.6317760617760618, 0.6275193050193051, 0.6356081081081081, 0.6388899613899615, 0.6447972972972973, 0.6485521235521237, 0.6373600386100386, 0.6231949806949807, 0.659280888030888, 0.6309942084942085, 0.6325337837837839, 0.6363513513513512, 0.6385714285714286, 0.6406467181467181, 0.6214430501930501, 0.629773166023166, 0.6515202702702702, 0.6141795366795366, 0.6271959459459461, 0.6326013513513514, 0.6297779922779922, 0.6430888030888031, 0.6344594594594594, 0.6286003861003862, 0.6333928571428571, 0.6394353281853282, 0.6396814671814671, 0.6398600386100387, 0.6384314671814671, 0.630738416988417, 0.6348552123552123, 0.6303523166023166, 0.6433301158301159, 0.6451544401544401, 0.6301013513513513, 0.6251303088803091, 0.6359942084942085, 0.641573359073359, 0.6331370656370655, 0.6367471042471043, 0.6278088803088804, 0.6334942084942086, 0.635, 0.645550193050193, 0.6414720077220079, 0.640757722007722, 0.6284555984555984, 0.6482722007722008, 0.6431129343629344, 0.6475193050193051, 0.648050193050193, 0.6366071428571429, 0.6250193050193051, 0.645907335907336, 0.6314913127413128, 0.6348889961389962, 0.6377220077220078, 0.6455164092664092, 0.648088803088803, 0.6263803088803088, 0.6324276061776061, 0.6271669884169884, 0.6287017374517374, 0.6450820463320464, 0.6292422779922779, 0.6236245173745173, 0.6474131274131275, 0.6430743243243243, 0.6500916988416988, 0.6282432432432433, 0.6391505791505792, 0.6304247104247105, 0.6326351351351351, 0.6373262548262548]","[1.0, 1.0, 0.0, 0.0, 0.0, 0.0, 0.0, 0.0, 0.0, 1.0, 1.0, 0.0, 1.0, 0.0, 0.0, 1.0, 0.0, 0.0, 0.0, 1.0, 0.0, 1.0, 1.0, 1.0, 0.0, 0.0, 0.0, 1.0]",0.912065637065637,0.9459459459459459,,"[0.7361003861003861, 0.6931467181467182, 0.6931467181467182, 0.6652509652509653, 0.6587837837837838, 0.6545366795366795, 0.6530888030888031, 0.645945945945946, 0.640926640926641, 0.6337837837837839, 0.6302123552123552, 0.6302123552123552, 0.6266409266409266, 0.6230694980694981, 0.6230694980694981, 0.6180501930501929, 0.6109073359073358, 0.5987451737451737, 0.5694015444015443, 0.5415057915057915]","[0.7702702702702703, 0.7027027027027027, 0.7027027027027027, 0.6756756756756757, 0.6756756756756757, 0.6621621621621622, 0.6621621621621622, 0.6486486486486487, 0.6486486486486487, 0.6486486486486487, 0.6486486486486487, 0.6486486486486487, 0.6486486486486487, 0.6486486486486487, 0.6486486486486487, 0.6351351351351351, 0.6351351351351351, 0.6216216216216216, 0.581081081081081, 0.5540540540540541]"
28,20,100,6.472715616226196,"[0.642176640926641, 0.6318050193050193, 0.6260376447876449, 0.624184362934363, 0.6358880308880308, 0.6551640926640927, 0.645149613899614, 0.632195945945946, 0.6543436293436293, 0.6207191119691121, 0.6199710424710425, 0.6300241312741314, 0.6349951737451739, 0.6212210424710425, 0.6443629343629343, 0.6272007722007722, 0.627557915057915, 0.6305260617760619, 0.6079971042471042, 0.6238416988416988, 0.6230164092664092, 0.6253088803088803, 0.6365444015444015, 0.6229826254826255, 0.6205839768339767, 0.6104633204633205, 0.6325048262548263, 0.6234507722007722, 0.619015444015444, 0.617688223938224, 0.619377413127413, 0.6464527027027027, 0.6235907335907336, 0.6247393822393821, 0.6145463320463321, 0.6253812741312741, 0.6148696911196911, 0.6181611969111968, 0.6307094594594594, 0.6419739382239383, 0.626457528957529, 0.6305694980694982, 0.6328619691119691, 0.6220173745173745, 0.6492084942084941, 0.6257722007722009, 0.6118677606177606, 0.6123262548262548, 0.6240926640926642, 0.6299613899613901, 0.6414044401544402, 0.6173359073359073, 0.6220608108108108, 0.6353233590733591, 0.6267326254826254, 0.6220608108108108, 0.6174034749034748, 0.6196911196911197, 0.6227702702702703, 0.630246138996139, 0.6371525096525096, 0.6263803088803088, 0.6321380308880309, 0.6310714285714285, 0.6279198841698843, 0.6070366795366795, 0.6117471042471043, 0.6307094594594596, 0.6248455598455598, 0.6198069498069497, 0.63371138996139, 0.6258494208494209, 0.6240250965250965, 0.6250241312741313, 0.625453667953668, 0.638296332046332, 0.6238803088803089, 0.6274179536679536, 0.6100386100386099, 0.6186920849420849, 0.6189044401544401, 0.6272393822393821, 0.6320704633204635, 0.6240250965250966, 0.6392229729729729, 0.6204488416988417, 0.6213320463320463, 0.6283494208494209, 0.638141891891892, 0.6237355212355213, 0.6274903474903476, 0.6264575289575289, 0.6410859073359074, 0.6202606177606179, 0.6544015444015443, 0.6260231660231661, 0.6327123552123551, 0.6220945945945944, 0.6322104247104249, 0.6278474903474904]","[0.0, 1.0, 0.0, 0.0, 0.0, 0.0, 0.0, 1.0, 0.0, 0.0, 1.0, 0.0, 0.0, 0.0, 0.0, 0.0, 1.0, 0.0, 0.0, 0.0, 0.0, 0.0, 0.0, 1.0, 0.0, 0.0, 0.0, 1.0]",0.9664092664092664,0.9864864864864865,,"[0.8055019305019304, 0.6981660231660233, 0.6774131274131274, 0.6738416988416989, 0.6616795366795367, 0.6495173745173746, 0.640926640926641, 0.6216216216216215, 0.6166023166023166, 0.6166023166023166, 0.6094594594594593, 0.6094594594594593, 0.6080115830115831, 0.6058880308880308, 0.6001930501930501, 0.5887065637065638, 0.5744208494208495, 0.5694015444015443, 0.5658301158301158, 0.5637065637065638]","[0.8513513513513513, 0.7162162162162162, 0.6891891891891891, 0.6891891891891891, 0.6756756756756757, 0.6621621621621622, 0.6486486486486487, 0.6351351351351351, 0.6351351351351351, 0.6216216216216216, 0.6216216216216216, 0.6216216216216216, 0.6216216216216216, 0.6216216216216216, 0.6081081081081081, 0.5945945945945946, 0.5945945945945946, 0.5945945945945946, 0.581081081081081, 0.581081081081081]"
28,20,100,6.345056056976318,"[0.6218243243243243, 0.636023166023166, 0.7012644787644787, 0.6672490347490349, 0.6543774131274132, 0.636457528957529, 0.6416843629343629, 0.6688996138996138, 0.6494835907335909, 0.6244063706563706, 0.6454777992277991, 0.6412934362934364, 0.629203667953668, 0.6364623552123552, 0.6469401544401545, 0.657138030888031, 0.6532046332046331, 0.6416167953667955, 0.6418291505791506, 0.6579247104247106, 0.6282046332046334, 0.639792471042471, 0.6547828185328185, 0.6458349420849421, 0.6233735521235522, 0.636930501930502, 0.6645463320463321, 0.63753861003861, 0.6490878378378377, 0.6293484555984556, 0.6494835907335907, 0.6316361003861004, 0.6474469111969114, 0.6343532818532818, 0.6373262548262548, 0.6434362934362934, 0.6516747104247104, 0.6200096525096525, 0.6598600386100387, 0.6231225868725869, 0.6575723938223939, 0.6452606177606178, 0.6278474903474904, 0.6476978764478765, 0.6383252895752897, 0.6411438223938224, 0.6426930501930502, 0.6522055984555984, 0.6520222007722009, 0.6288851351351351, 0.635892857142857, 0.6465878378378379, 0.6420415057915058, 0.6487355212355213, 0.6322442084942086, 0.646838803088803, 0.6648359073359074, 0.6427268339768339, 0.6319256756756757, 0.632857142857143, 0.6484507722007722, 0.6459507722007721, 0.6673986486486486, 0.6579971042471042, 0.6689092664092664, 0.6384025096525096, 0.6396138996138997, 0.6496621621621622, 0.6479874517374518, 0.6532480694980695, 0.6887596525096527, 0.6627606177606177, 0.6504150579150578, 0.6390106177606178, 0.6511679536679537, 0.6402944015444016, 0.6545656370656372, 0.6612596525096526, 0.6369353281853282, 0.649165057915058, 0.6476640926640926, 0.6595366795366795, 0.6517471042471042, 0.6424372586872588, 0.6197249034749035, 0.6504198841698842, 0.6724517374517376, 0.6507722007722008, 0.6522055984555986, 0.650419884169884, 0.6376833976833977, 0.6430839768339769, 0.6550386100386101, 0.6486631274131275, 0.6365057915057916, 0.6534942084942086, 0.6840009652509652, 0.6522055984555984, 0.6546380308880309, 0.6623986486486487]","[0.0, 0.0, 0.0, 1.0, 0.0, 0.0, 1.0, 0.0, 0.0, 0.0, 0.0, 0.0, 0.0, 0.0, 1.0, 0.0, 1.0, 0.0, 0.0, 0.0, 0.0, 0.0, 0.0, 0.0, 0.0, 1.0, 0.0, 1.0]",0.9664092664092664,0.9864864864864865,,"[0.8877413127413128, 0.6981660231660233, 0.6967181467181468, 0.6824324324324325, 0.6774131274131274, 0.6752895752895753, 0.6738416988416989, 0.6717181467181468, 0.6681467181467182, 0.6652509652509653, 0.6631274131274131, 0.6616795366795367, 0.6581081081081082, 0.6545366795366795, 0.6509652509652509, 0.6302123552123552, 0.6166023166023166, 0.5922779922779924, 0.5750965250965251, 0.5486486486486486]","[0.918918918918919, 0.7162162162162162, 0.7027027027027027, 0.7027027027027027, 0.7027027027027027, 0.7027027027027027, 0.7027027027027027, 0.6891891891891891, 0.6891891891891891, 0.6891891891891891, 0.6756756756756757, 0.6756756756756757, 0.6756756756756757, 0.6756756756756757, 0.6756756756756757, 0.6486486486486487, 0.6216216216216216, 0.5945945945945946, 0.5675675675675675, 0.5540540540540541]"
28,20,100,6.419093370437622,"[0.6435328185328186, 0.6467181467181468, 0.6402461389961389, 0.6445752895752895, 0.6454681467181467, 0.655699806949807, 0.6529102316602315, 0.664753861003861, 0.6726206563706565, 0.6758783783783782, 0.6275530888030887, 0.6318822393822394, 0.6376110038610039, 0.6268774131274131, 0.6345318532818532, 0.6473359073359072, 0.6367471042471042, 0.6521283783783783, 0.6262644787644785, 0.64003861003861, 0.6373552123552123, 0.6495559845559846, 0.6416167953667953, 0.6638658301158301, 0.6435424710424711, 0.6354971042471041, 0.6362837837837838, 0.6359314671814672, 0.6012306949806949, 0.63242277992278, 0.6085714285714285, 0.6197297297297297, 0.6363947876447876, 0.6152220077220077, 0.6121428571428571, 0.6224083011583011, 0.6168291505791507, 0.5983445945945945, 0.6012693050193051, 0.6304922779922779, 0.6323889961389961, 0.6244546332046331, 0.6179054054054054, 0.6326061776061777, 0.6176496138996137, 0.619300193050193, 0.6127895752895753, 0.6336438223938224, 0.6371090733590733, 0.6337162162162162, 0.6007384169884169, 0.6135086872586873, 0.6483445945945946, 0.6112162162162162, 0.6256274131274131, 0.6237403474903476, 0.626916023166023, 0.5956901544401545, 0.6100386100386102, 0.6057432432432434, 0.6108590733590733, 0.6082480694980695, 0.5983011583011584, 0.6022055984555984, 0.6214816602316603, 0.6152895752895752, 0.6199083011583011, 0.6187258687258687, 0.6062451737451735, 0.606631274131274, 0.601023166023166, 0.619300193050193, 0.6279536679536679, 0.6194787644787644, 0.602557915057915, 0.6309942084942085, 0.6111438223938224, 0.6153957528957529, 0.6045318532818534, 0.6166216216216216, 0.6055260617760617, 0.6200482625482625, 0.6344980694980695, 0.6171911196911196, 0.6120656370656371, 0.6066409266409266, 0.6222635135135135, 0.6039913127413128, 0.5987355212355212, 0.6315637065637066, 0.6136486486486487, 0.6164044401544401, 0.6173262548262547, 0.6133252895752894, 0.6155067567567568, 0.6197249034749033, 0.6077799227799228, 0.6097104247104246, 0.63242277992278, 0.6404391891891892]","[0.0, 1.0, 0.0, 0.0, 0.0, 0.0, 0.0, 0.0, 0.0, 0.0, 0.0, 1.0, 0.0, 1.0, 1.0, 0.0, 1.0, 1.0, 0.0, 0.0, 0.0, 0.0, 0.0, 1.0, 0.0, 0.0, 0.0, 1.0]",0.9471042471042471,0.972972972972973,,"[0.8355212355212356, 0.8140926640926641, 0.7604247104247104, 0.726061776061776, 0.708880308880309, 0.6945945945945946, 0.691023166023166, 0.6180501930501929, 0.613030888030888, 0.6094594594594593, 0.600868725868726, 0.5908301158301158, 0.5851351351351353, 0.5801158301158301, 0.5801158301158301, 0.5729729729729729, 0.5694015444015443, 0.5694015444015443, 0.547972972972973, 0.5408301158301159]","[0.8648648648648649, 0.8648648648648649, 0.7972972972972973, 0.7432432432432432, 0.7162162162162162, 0.7162162162162162, 0.7162162162162162, 0.6351351351351351, 0.6216216216216216, 0.6216216216216216, 0.6081081081081081, 0.5945945945945946, 0.581081081081081, 0.581081081081081, 0.581081081081081, 0.581081081081081, 0.581081081081081, 0.581081081081081, 0.581081081081081, 0.581081081081081]"
28,20,100,6.386439800262451,"[0.66367277992278, 0.6499034749034749, 0.6542712355212355, 0.6307046332046332, 0.6154295366795368, 0.6109652509652509, 0.6248069498069498, 0.6194063706563706, 0.6165057915057914, 0.6334604247104247, 0.6241988416988417, 0.6264140926640928, 0.6247007722007722, 0.6222683397683397, 0.6263127413127414, 0.626626447876448, 0.6138947876447878, 0.6226592664092664, 0.6216216216216216, 0.6261679536679536, 0.6230550193050193, 0.6311003861003861, 0.6311003861003861, 0.6195849420849422, 0.6301013513513515, 0.6293098455598456, 0.6263803088803088, 0.6227316602316602, 0.632818532818533, 0.6348552123552124, 0.6331322393822394, 0.6193291505791507, 0.636891891891892, 0.6387548262548262, 0.6105357142857144, 0.6283494208494209, 0.6436196911196912, 0.6208011583011583, 0.6193339768339768, 0.6323455598455598, 0.6165781853281853, 0.6246621621621622, 0.6058880308880309, 0.6193677606177607, 0.6400434362934364, 0.6204777992277993, 0.6506660231660233, 0.6245173745173747, 0.6265540540540541, 0.6193388030888032, 0.6380405405405407, 0.6244449806949807, 0.616399613899614, 0.630246138996139, 0.6201592664092664, 0.6245945945945945, 0.6059893822393823, 0.6355743243243244, 0.6111052123552124, 0.6427944015444014, 0.6330694980694981, 0.6206225868725869, 0.6191891891891893, 0.6344980694980695, 0.6230936293436293, 0.6232673745173746, 0.6217277992277992, 0.632707528957529, 0.6245511583011583, 0.6251254826254826, 0.6097490347490347, 0.6176833976833978, 0.6157625482625483, 0.619864864864865, 0.6295994208494208, 0.6064237451737452, 0.6286293436293438, 0.6105019305019305, 0.6367519305019305, 0.6312451737451737, 0.614430501930502, 0.6270994208494209, 0.6380357142857144, 0.6154054054054054, 0.6266264478764481, 0.6229488416988417, 0.6237306949806951, 0.6150434362934363, 0.6376496138996139, 0.6395752895752895, 0.6158976833976835, 0.6279488416988418, 0.6246621621621622, 0.6303185328185329, 0.6268436293436295, 0.6298503861003862, 0.6137934362934363, 0.6265974903474903, 0.6264092664092664, 0.6356467181467182]","[0.0, 0.0, 0.0, 0.0, 0.0, 0.0, 0.0, 0.0, 0.0, 1.0, 0.0, 0.0, 0.0, 1.0, 1.0, 0.0, 1.0, 0.0, 0.0, 0.0, 0.0, 0.0, 1.0, 0.0, 0.0, 0.0, 1.0, 1.0]",0.9506756756756757,0.972972972972973,,"[0.7346525096525097, 0.7067567567567568, 0.6774131274131274, 0.6688223938223938, 0.6602316602316602, 0.6602316602316602, 0.6581081081081082, 0.640926640926641, 0.6373552123552124, 0.6287644787644787, 0.6230694980694981, 0.6180501930501929, 0.6144787644787644, 0.6123552123552124, 0.6109073359073358, 0.6023166023166022, 0.5972972972972974, 0.5937258687258687, 0.5916023166023165, 0.575868725868726]","[0.7567567567567568, 0.7297297297297297, 0.6891891891891891, 0.6756756756756757, 0.6756756756756757, 0.6621621621621622, 0.6621621621621622, 0.6486486486486487, 0.6486486486486487, 0.6486486486486487, 0.6486486486486487, 0.6351351351351351, 0.6351351351351351, 0.6351351351351351, 0.6351351351351351, 0.6216216216216216, 0.6216216216216216, 0.6081081081081081, 0.6081081081081081, 0.6081081081081081]"
28,20,100,6.484456539154053,"[0.6165974903474905, 0.6318388030888031, 0.630265444015444, 0.6428523166023166, 0.61867277992278, 0.6522635135135135, 0.6242181467181468, 0.6333783783783785, 0.6348407335907336, 0.6602075289575289, 0.6356998069498069, 0.6467567567567568, 0.6430019305019306, 0.6392084942084941, 0.6311631274131274, 0.6326978764478766, 0.6287306949806951, 0.6340588803088802, 0.6217567567567568, 0.632557915057915, 0.6132094594594595, 0.6494015444015443, 0.6503330115830116, 0.6208301158301157, 0.6182528957528958, 0.6353861003861004, 0.6328088803088802, 0.6394594594594595, 0.6465106177606178, 0.6525579150579152, 0.6400723938223938, 0.6479054054054054, 0.6390347490347491, 0.6506274131274131, 0.5985472972972973, 0.6320608108108109, 0.6397152509652511, 0.6260907335907336, 0.6197586872586873, 0.6264478764478765, 0.637138030888031, 0.6125675675675676, 0.6244739382239383, 0.6367519305019306, 0.6490878378378377, 0.6328474903474904, 0.6130646718146717, 0.604773166023166, 0.6144642857142857, 0.6319546332046332, 0.6246235521235521, 0.6233687258687259, 0.6246862934362936, 0.6077799227799229, 0.6029054054054055, 0.628846525096525, 0.6190444015444015, 0.6271621621621621, 0.6355019305019305, 0.6228330115830116, 0.6365685328185329, 0.614107142857143, 0.6150386100386102, 0.6176158301158301, 0.6117084942084943, 0.6209749034749035, 0.6033397683397683, 0.6377509652509653, 0.6342422779922778, 0.6362500000000001, 0.6010569498069498, 0.6171138996138996, 0.6149662162162163, 0.6117133204633205, 0.6201592664092664, 0.619507722007722, 0.6018098455598455, 0.6354971042471045, 0.626988416988417, 0.61378861003861, 0.6201882239382239, 0.6283445945945946, 0.6096718146718147, 0.6045945945945947, 0.6183687258687257, 0.6017712355212356, 0.633600386100386, 0.6153330115830116, 0.6190444015444017, 0.6077413127413128, 0.6220173745173746, 0.5975868725868726, 0.6307770270270271, 0.603769305019305, 0.6147876447876449, 0.6105694980694981, 0.6228378378378381, 0.6490202702702702, 0.6094256756756756, 0.5908252895752896]","[0.0, 0.0, 0.0, 0.0, 0.0, 0.0, 0.0, 0.0, 1.0, 0.0, 1.0, 0.0, 0.0, 1.0, 0.0, 1.0, 0.0, 0.0, 0.0, 0.0, 0.0, 0.0, 1.0, 0.0, 0.0, 1.0, 0.0, 1.0]",0.9628378378378378,0.9864864864864865,,"[0.6251930501930502, 0.6251930501930502, 0.6201737451737451, 0.6180501930501929, 0.6080115830115831, 0.6073359073359073, 0.6058880308880308, 0.6044401544401545, 0.600868725868726, 0.5937258687258687, 0.5937258687258687, 0.5901544401544402, 0.5901544401544402, 0.5865830115830116, 0.5851351351351353, 0.5815637065637066, 0.5658301158301158, 0.5522200772200773, 0.5415057915057915, 0.5207528957528957]","[0.6351351351351351, 0.6351351351351351, 0.6351351351351351, 0.6351351351351351, 0.6216216216216216, 0.6216216216216216, 0.6081081081081081, 0.6081081081081081, 0.6081081081081081, 0.6081081081081081, 0.6081081081081081, 0.6081081081081081, 0.6081081081081081, 0.6081081081081081, 0.5945945945945946, 0.5945945945945946, 0.581081081081081, 0.5540540540540541, 0.5540540540540541, 0.527027027027027]"
28,20,100,6.430481195449829,"[0.6636341698841699, 0.6788416988416989, 0.6821718146718148, 0.6811389961389962, 0.6970173745173746, 0.6959845559845561, 0.6944739382239382, 0.7013803088803089, 0.6823503861003861, 0.6885762548262548, 0.6686486486486486, 0.6799903474903475, 0.6773069498069498, 0.6675048262548263, 0.6638947876447877, 0.6826013513513515, 0.6892133204633206, 0.6624951737451739, 0.6682915057915058, 0.6726930501930501, 0.6678281853281854, 0.6739044401544402, 0.6683590733590734, 0.6940444015444016, 0.6713996138996139, 0.6739478764478765, 0.6632528957528958, 0.6589961389961391, 0.6499469111969113, 0.6504874517374517, 0.6640395752895752, 0.6775241312741312, 0.6647249034749035, 0.6630019305019305, 0.6658349420849421, 0.6476592664092664, 0.6540250965250964, 0.6784555984555986, 0.6653281853281854, 0.6733783783783784, 0.6631515444015444, 0.6587837837837838, 0.6523841698841698, 0.6440492277992278, 0.6614285714285716, 0.6800675675675676, 0.6369691119691119, 0.6663272200772201, 0.6672635135135135, 0.6456949806949807, 0.6747779922779923, 0.6706949806949808, 0.6513803088803088, 0.6641505791505792, 0.6714768339768341, 0.6517760617760617, 0.6490540540540541, 0.6568870656370657, 0.6421573359073359, 0.653918918918919, 0.6669015444015445, 0.6420125482625483, 0.6365347490347492, 0.6420415057915058, 0.6833590733590734, 0.6698021235521237, 0.6642567567567568, 0.6601447876447877, 0.6833590733590735, 0.6646862934362935, 0.6713416988416988, 0.6445801158301159, 0.6747779922779923, 0.6530598455598456, 0.6478040540540542, 0.6440830115830115, 0.653807915057915, 0.6572538610038611, 0.6690106177606179, 0.6548214285714287, 0.6763127413127412, 0.6567471042471043, 0.6573552123552122, 0.6663368725868725, 0.6373214285714288, 0.6483059845559845, 0.657784749034749, 0.6379005791505792, 0.637292471042471, 0.6769208494208495, 0.6576737451737451, 0.6530260617760618, 0.6653667953667953, 0.638180501930502, 0.6520222007722009, 0.6483735521235522, 0.6514140926640926, 0.6735521235521236, 0.646949806949807, 0.6626496138996139]","[0.0, 0.0, 0.0, 0.0, 0.0, 0.0, 1.0, 0.0, 1.0, 0.0, 0.0, 0.0, 0.0, 1.0, 1.0, 0.0, 0.0, 0.0, 0.0, 1.0, 0.0, 0.0, 1.0, 1.0, 0.0, 0.0, 0.0, 1.0]",0.9471042471042471,0.972972972972973,,"[0.7625482625482626, 0.7346525096525097, 0.6988416988416988, 0.691023166023166, 0.691023166023166, 0.6845559845559845, 0.6831081081081081, 0.6738416988416989, 0.6702702702702703, 0.6702702702702703, 0.6631274131274131, 0.6566602316602317, 0.645945945945946, 0.640926640926641, 0.6388030888030888, 0.6352316602316602, 0.6316602316602317, 0.6266409266409266, 0.5830115830115831, 0.5708494208494209]","[0.7837837837837838, 0.7567567567567568, 0.7162162162162162, 0.7162162162162162, 0.6891891891891891, 0.6891891891891891, 0.6891891891891891, 0.6891891891891891, 0.6891891891891891, 0.6891891891891891, 0.6756756756756757, 0.6621621621621622, 0.6621621621621622, 0.6621621621621622, 0.6621621621621622, 0.6621621621621622, 0.6486486486486487, 0.6486486486486487, 0.6081081081081081, 0.5945945945945946]"
28,20,100,6.392411470413208,"[0.6641747104247104, 0.6438561776061775, 0.6560569498069498, 0.6603861003861005, 0.6597393822393822, 0.6681515444015446, 0.680699806949807, 0.6627123552123553, 0.6498407335907336, 0.647118725868726, 0.6442953667953669, 0.6344208494208494, 0.6219401544401546, 0.625226833976834, 0.6288754826254828, 0.6317760617760618, 0.6402557915057916, 0.6237306949806949, 0.6484411196911196, 0.6233011583011583, 0.621153474903475, 0.6233735521235522, 0.6109942084942086, 0.6300241312741314, 0.626341698841699, 0.620149613899614, 0.6251592664092664, 0.6396090733590735, 0.6386438223938223, 0.6135376447876447, 0.6327461389961392, 0.6300241312741314, 0.6267712355212356, 0.6312065637065637, 0.6298117760617762, 0.6178619691119691, 0.6236583011583012, 0.6395415057915058, 0.6281660231660231, 0.6078137065637066, 0.6233059845559846, 0.6339237451737452, 0.6253426640926641, 0.628880308880309, 0.6360666023166023, 0.6316023166023166, 0.6334604247104247, 0.627953667953668, 0.6486293436293437, 0.6293436293436293, 0.6496283783783785, 0.6235183397683398, 0.6363947876447879, 0.6157528957528957, 0.6148600386100387, 0.6321380308880309, 0.6194063706563707, 0.6164671814671815, 0.6243725868725869, 0.6220511583011583, 0.6420077220077219, 0.6019160231660232, 0.6312451737451739, 0.612784749034749, 0.6283397683397682, 0.6384314671814671, 0.6256274131274131, 0.6619691119691119, 0.6266650579150579, 0.6300675675675675, 0.6137886100386101, 0.6295945945945947, 0.6498407335907335, 0.6307046332046333, 0.635965250965251, 0.625945945945946, 0.6156129343629343, 0.6299855212355213, 0.6323166023166021, 0.6252364864864864, 0.6367181467181467, 0.6142519305019305, 0.6253812741312741, 0.6174034749034748, 0.6158590733590733, 0.6301303088803089, 0.6444835907335907, 0.6225868725868725, 0.6225482625482626, 0.6202606177606178, 0.6207625482625483, 0.6320656370656371, 0.6259169884169883, 0.6343532818532818, 0.6499469111969114, 0.630530888030888, 0.6389285714285715, 0.6355357142857143, 0.6309845559845562, 0.6176882239382239]","[0.0, 0.0, 0.0, 1.0, 0.0, 0.0, 0.0, 0.0, 0.0, 0.0, 0.0, 0.0, 0.0, 1.0, 0.0, 1.0, 0.0, 1.0, 0.0, 1.0, 1.0, 0.0, 0.0, 1.0, 0.0, 0.0, 1.0, 1.0]",0.9313706563706563,0.9594594594594594,,"[0.7002895752895754, 0.691023166023166, 0.6788610038610039, 0.6702702702702703, 0.6516409266409267, 0.6495173745173746, 0.6495173745173746, 0.6373552123552124, 0.6287644787644787, 0.6251930501930502, 0.6073359073359073, 0.5851351351351353, 0.5851351351351353, 0.5815637065637066, 0.5815637065637066, 0.5708494208494209, 0.5708494208494209, 0.5708494208494209, 0.5672779922779924, 0.5507722007722008]","[0.7162162162162162, 0.7027027027027027, 0.7027027027027027, 0.6891891891891891, 0.6621621621621622, 0.6621621621621622, 0.6486486486486487, 0.6486486486486487, 0.6351351351351351, 0.6351351351351351, 0.6351351351351351, 0.5945945945945946, 0.5945945945945946, 0.5945945945945946, 0.5945945945945946, 0.5945945945945946, 0.5945945945945946, 0.5945945945945946, 0.5945945945945946, 0.5405405405405406]"
28,20,100,6.321584701538086,"[0.655945945945946, 0.6512934362934362, 0.669469111969112, 0.6799758687258688, 0.7097779922779923, 0.7040202702702703, 0.683561776061776, 0.6540154440154441, 0.6495125482625485, 0.6505550193050194, 0.6669642857142858, 0.6632818532818534, 0.6447924710424712, 0.6531274131274131, 0.6470125482625483, 0.6387548262548263, 0.6570945945945946, 0.6479777992277993, 0.6487258687258687, 0.6563127413127413, 0.642364864864865, 0.655777027027027, 0.6480839768339768, 0.651800193050193, 0.664792471042471, 0.6451930501930503, 0.6646090733590733, 0.6465830115830116, 0.641607142857143, 0.6474083011583012, 0.653238416988417, 0.6392857142857142, 0.6557432432432433, 0.6439044401544403, 0.6468388030888031, 0.6443677606177605, 0.6596718146718147, 0.6669353281853282, 0.6448310810810811, 0.6394353281853282, 0.6539140926640926, 0.6361776061776062, 0.651631274131274, 0.6419353281853283, 0.6408252895752897, 0.6430453667953668, 0.640323359073359, 0.6284459459459459, 0.6396138996138997, 0.6368194980694982, 0.648880308880309, 0.6390347490347491, 0.6456515444015445, 0.6490540540540541, 0.6452268339768341, 0.6426158301158302, 0.6431949806949808, 0.6464430501930503, 0.6434025096525098, 0.6455115830115832, 0.6631081081081083, 0.6287017374517375, 0.6577799227799228, 0.6416843629343629, 0.6464816602316603, 0.6415057915057915, 0.646476833976834, 0.6482335907335908, 0.6385038610038609, 0.6359266409266409, 0.6419015444015445, 0.6337065637065638, 0.6444739382239382, 0.643045366795367, 0.6355357142857143, 0.6384700772200773, 0.6612837837837837, 0.6380405405405407, 0.637934362934363, 0.6501978764478765, 0.6506322393822394, 0.6263754826254826, 0.6455888030888031, 0.6350675675675677, 0.6311727799227799, 0.6449758687258688, 0.6454391891891892, 0.6580019305019305, 0.6671187258687259, 0.6247345559845561, 0.6354295366795367, 0.6385762548262549, 0.6588899613899615, 0.6298455598455599, 0.639507722007722, 0.645757722007722, 0.6308542471042471, 0.6595994208494209, 0.6469063706563707, 0.6409749034749035]","[1.0, 0.0, 0.0, 0.0, 0.0, 0.0, 0.0, 0.0, 0.0, 0.0, 0.0, 0.0, 0.0, 0.0, 1.0, 0.0, 0.0, 0.0, 0.0, 0.0, 0.0, 0.0, 0.0, 0.0, 0.0, 0.0, 0.0, 1.0]",0.9892857142857143,1.0,,"[0.7525096525096525, 0.6702702702702703, 0.6666988416988416, 0.6652509652509653, 0.6638030888030888, 0.6631274131274131, 0.6595559845559845, 0.6566602316602317, 0.6545366795366795, 0.6509652509652509, 0.645945945945946, 0.6438223938223938, 0.6423745173745173, 0.6216216216216215, 0.6166023166023166, 0.600868725868726, 0.5937258687258687, 0.5865830115830116, 0.5830115830115831, 0.5815637065637066]","[0.7567567567567568, 0.6891891891891891, 0.6891891891891891, 0.6891891891891891, 0.6891891891891891, 0.6756756756756757, 0.6756756756756757, 0.6756756756756757, 0.6756756756756757, 0.6621621621621622, 0.6621621621621622, 0.6621621621621622, 0.6621621621621622, 0.6351351351351351, 0.6216216216216216, 0.6081081081081081, 0.6081081081081081, 0.6081081081081081, 0.6081081081081081, 0.5945945945945946]"
28,20,100,6.320102214813232,"[0.6384893822393822, 0.6486824324324324, 0.6341988416988417, 0.6259314671814671, 0.6300530888030887, 0.626689189189189, 0.634488416988417, 0.6403185328185328, 0.6349855212355211, 0.6351303088803089, 0.6497538610038609, 0.6315878378378379, 0.6276544401544402, 0.6187162162162162, 0.6161389961389961, 0.6234025096525094, 0.6283397683397683, 0.6117712355212355, 0.62007722007722, 0.6239044401544402, 0.6273407335907335, 0.6251882239382239, 0.6174662162162161, 0.6148552123552123, 0.6161776061776062, 0.6127799227799227, 0.6200434362934362, 0.6096718146718145, 0.6233638996138996, 0.6277316602316602, 0.6243388030888031, 0.6281322393822394, 0.6010472972972972, 0.6048069498069498, 0.6315974903474902, 0.6194015444015444, 0.6240878378378378, 0.6275530888030889, 0.6094546332046331, 0.6098841698841698, 0.6140009652509654, 0.6232673745173745, 0.6169642857142857, 0.6113899613899615, 0.6147152509652509, 0.6170028957528958, 0.6001930501930501, 0.6142857142857142, 0.6210086872586871, 0.6061341698841699, 0.6060907335907336, 0.5995849420849421, 0.6098841698841697, 0.6281660231660231, 0.6144642857142857, 0.629087837837838, 0.6182577220077219, 0.6227316602316602, 0.6141457528957528, 0.6203281853281852, 0.6290974903474902, 0.6271332046332045, 0.6098552123552123, 0.6480115830115831, 0.6206563706563706, 0.625265444015444, 0.6264092664092663, 0.6374613899613899, 0.6068822393822393, 0.6187982625482625, 0.607992277992278, 0.6182191119691118, 0.6179343629343628, 0.6344932432432432, 0.6207625482625482, 0.6469787644787645, 0.6177220077220078, 0.6020125482625482, 0.6338561776061776, 0.6258011583011582, 0.621081081081081, 0.6033783783783783, 0.6317471042471043, 0.6065926640926642, 0.6365347490347489, 0.6191457528957528, 0.6127895752895752, 0.6318146718146718, 0.6162210424710424, 0.616003861003861, 0.6202944015444014, 0.600912162162162, 0.6464430501930502, 0.5981901544401544, 0.6175434362934362, 0.6147828185328186, 0.6362162162162163, 0.6145752895752895, 0.6226544401544402, 0.6117471042471043]","[1.0, 0.0, 0.0, 0.0, 0.0, 0.0, 0.0, 0.0, 0.0, 0.0, 0.0, 0.0, 1.0, 0.0, 1.0, 0.0, 0.0, 0.0, 0.0, 0.0, 0.0, 1.0, 0.0, 0.0, 0.0, 0.0, 0.0, 1.0]",0.9456563706563705,0.9594594594594594,,"[0.7346525096525097, 0.6702702702702703, 0.6444980694980695, 0.6394787644787644, 0.6287644787644787, 0.6251930501930502, 0.6251930501930502, 0.6166023166023166, 0.6144787644787644, 0.6109073359073358, 0.6094594594594593, 0.6073359073359073, 0.6037644787644787, 0.5972972972972974, 0.5801158301158301, 0.5765444015444016, 0.5729729729729729, 0.5694015444015443, 0.5557915057915058, 0.5522200772200773]","[0.7567567567567568, 0.6891891891891891, 0.6486486486486487, 0.6351351351351351, 0.6351351351351351, 0.6351351351351351, 0.6351351351351351, 0.6351351351351351, 0.6351351351351351, 0.6351351351351351, 0.6351351351351351, 0.6216216216216216, 0.6216216216216216, 0.6081081081081081, 0.581081081081081, 0.581081081081081, 0.581081081081081, 0.581081081081081, 0.5540540540540541, 0.5540540540540541]"
28,20,100,6.355367422103882,"[0.676476833976834, 0.7042760617760617, 0.7017664092664092, 0.699584942084942, 0.6698986486486487, 0.6998407335907334, 0.7122152509652511, 0.6830260617760617, 0.6925434362934363, 0.7414044401544402, 0.6768050193050194, 0.6932287644787646, 0.6737306949806949, 0.6720173745173745, 0.658030888030888, 0.6735183397683399, 0.6706611969111969, 0.6679391891891892, 0.6828909266409268, 0.6583928571428571, 0.6753088803088804, 0.6718050193050192, 0.6732722007722008, 0.6695559845559845, 0.658141891891892, 0.6717664092664093, 0.6747393822393821, 0.6631081081081082, 0.6596428571428572, 0.661684362934363, 0.6576399613899614, 0.6762403474903474, 0.678426640926641, 0.6662258687258686, 0.6514140926640927, 0.6941940154440156, 0.6750627413127412, 0.6722731660231661, 0.6751737451737452, 0.6760279922779923, 0.6605019305019305, 0.6620752895752896, 0.6554971042471043, 0.6843629343629344, 0.66253861003861, 0.6868339768339768, 0.6740588803088803, 0.6747345559845559, 0.6652606177606178, 0.6515974903474904, 0.6778812741312741, 0.6678378378378379, 0.6943774131274132, 0.668088803088803, 0.6809942084942084, 0.6955550193050193, 0.6739913127413127, 0.655926640926641, 0.6779633204633205, 0.6627557915057916, 0.6754536679536679, 0.6758494208494208, 0.6572876447876449, 0.6531322393822394, 0.6819642857142856, 0.6597490347490347, 0.6751640926640926, 0.6565685328185328, 0.6673745173745174, 0.6578571428571427, 0.6751013513513515, 0.6749179536679536, 0.6616119691119692, 0.6668677606177608, 0.67613416988417, 0.6660859073359073, 0.6633252895752897, 0.6721283783783784, 0.6724565637065638, 0.660434362934363, 0.651418918918919, 0.6765974903474903, 0.6788175675675675, 0.6709169884169883, 0.6633638996138995, 0.683542471042471, 0.6684411196911197, 0.6676158301158301, 0.6721283783783785, 0.6887258687258687, 0.6831418918918919, 0.6636583011583012, 0.6694111969111969, 0.6830357142857143, 0.6761679536679537, 0.6636872586872588, 0.6585762548262548, 0.6687693050193049, 0.6907335907335909, 0.6576061776061776]","[0.0, 1.0, 0.0, 1.0, 0.0, 0.0, 0.0, 0.0, 0.0, 0.0, 0.0, 0.0, 1.0, 0.0, 0.0, 0.0, 0.0, 0.0, 0.0, 1.0, 0.0, 0.0, 0.0, 0.0, 0.0, 0.0, 1.0, 1.0]",0.9542471042471042,0.972972972972973,,"[0.758976833976834, 0.7224903474903475, 0.7103281853281853, 0.7067567567567568, 0.6996138996138995, 0.696042471042471, 0.6723938223938224, 0.6616795366795367, 0.6581081081081082, 0.6530888030888031, 0.6516409266409267, 0.6423745173745173, 0.640926640926641, 0.6373552123552124, 0.6352316602316602, 0.6331081081081081, 0.6302123552123552, 0.5958494208494209, 0.5815637065637066, 0.5643822393822394]","[0.7837837837837838, 0.7432432432432432, 0.7297297297297297, 0.7297297297297297, 0.7297297297297297, 0.7297297297297297, 0.6756756756756757, 0.6756756756756757, 0.6756756756756757, 0.6756756756756757, 0.6621621621621622, 0.6621621621621622, 0.6621621621621622, 0.6486486486486487, 0.6486486486486487, 0.6486486486486487, 0.6486486486486487, 0.5945945945945946, 0.5945945945945946, 0.5675675675675675]"
28,20,100,6.64536190032959,"[0.6471428571428571, 0.6913561776061774, 0.6660666023166023, 0.6520849420849422, 0.6397152509652511, 0.6373552123552125, 0.6365974903474904, 0.6438610038610039, 0.6345656370656372, 0.6193967181467182, 0.6240492277992278, 0.6430743243243244, 0.6252316602316603, 0.6373552123552122, 0.6333204633204634, 0.635246138996139, 0.6426110038610039, 0.6509121621621621, 0.6384990347490347, 0.6583494208494208, 0.6382191119691119, 0.6322442084942085, 0.6256274131274131, 0.640434362934363, 0.6249855212355212, 0.626949806949807, 0.6286631274131274, 0.619869691119691, 0.6384025096525096, 0.6326737451737452, 0.619300193050193, 0.6361824324324324, 0.6466216216216216, 0.6354295366795366, 0.6203040540540539, 0.6406129343629343, 0.6402557915057916, 0.6316698841698841, 0.6381129343629344, 0.6235859073359074, 0.6180839768339768, 0.6299951737451738, 0.6290637065637066, 0.6290588803088804, 0.6263416988416989, 0.626949806949807, 0.6317471042471043, 0.6300627413127412, 0.6223745173745174, 0.6241988416988418, 0.6289527027027025, 0.6175820463320463, 0.631023166023166, 0.6188658301158301, 0.642084942084942, 0.6296718146718145, 0.6376061776061775, 0.6249517374517373, 0.6348552123552124, 0.6197249034749034, 0.6341361003861004, 0.612611003861004, 0.636534749034749, 0.6247007722007722, 0.6230164092664092, 0.6295608108108108, 0.622480694980695, 0.6298841698841697, 0.6434025096525098, 0.6247007722007722, 0.6229102316602317, 0.6310666023166023, 0.6338561776061776, 0.6331032818532819, 0.6481660231660231, 0.6296669884169883, 0.6326737451737452, 0.6248407335907337, 0.632099420849421, 0.6207673745173746, 0.6305984555984556, 0.6319594594594595, 0.6201882239382239, 0.6345028957528958, 0.6288416988416988, 0.6116071428571429, 0.6265637065637064, 0.6514189189189189, 0.621515444015444, 0.632707528957529, 0.6481660231660231, 0.6233059845559844, 0.6294546332046331, 0.6267374517374517, 0.6195511583011581, 0.6261293436293436, 0.6357094594594594, 0.6215492277992277, 0.6326785714285714, 0.6215878378378379]","[0.0, 0.0, 0.0, 0.0, 0.0, 0.0, 0.0, 1.0, 0.0, 1.0, 0.0, 0.0, 1.0, 1.0, 1.0, 0.0, 0.0, 0.0, 0.0, 0.0, 1.0, 0.0, 0.0, 0.0, 0.0, 0.0, 0.0, 1.0]",0.9506756756756757,0.972972972972973,,"[0.6945945945945946, 0.6602316602316602, 0.6602316602316602, 0.6509652509652509, 0.645945945945946, 0.6394787644787644, 0.6388030888030888, 0.6337837837837839, 0.6302123552123552, 0.6251930501930502, 0.6216216216216215, 0.6166023166023166, 0.6037644787644787, 0.6037644787644787, 0.6023166023166022, 0.5887065637065638, 0.5851351351351353, 0.5830115830115831, 0.5815637065637066, 0.5658301158301158]","[0.7162162162162162, 0.6756756756756757, 0.6621621621621622, 0.6621621621621622, 0.6621621621621622, 0.6621621621621622, 0.6486486486486487, 0.6486486486486487, 0.6351351351351351, 0.6351351351351351, 0.6351351351351351, 0.6351351351351351, 0.6351351351351351, 0.6216216216216216, 0.6216216216216216, 0.6081081081081081, 0.5945945945945946, 0.5945945945945946, 0.5945945945945946, 0.581081081081081]"
28,20,100,6.8138511180877686,"[0.6154922779922779, 0.6470366795366795, 0.6532239382239382, 0.6551978764478765, 0.6687934362934363, 0.6990878378378378, 0.6867471042471042, 0.6663610038610039, 0.6668967181467182, 0.6513416988416989, 0.6572731660231661, 0.638677606177606, 0.6274855212355214, 0.6470173745173746, 0.6343194980694981, 0.6364671814671816, 0.6338851351351351, 0.6230550193050193, 0.6410086872586872, 0.6455164092664093, 0.6192326254826256, 0.6446187258687258, 0.6076351351351351, 0.6238416988416988, 0.6129584942084941, 0.6101399613899614, 0.6320608108108108, 0.6308494208494209, 0.6537065637065638, 0.6665830115830117, 0.6373938223938224, 0.6535666023166022, 0.6100675675675674, 0.6529922779922781, 0.6435135135135135, 0.6194739382239383, 0.6422972972972973, 0.6246959459459459, 0.6248069498069497, 0.6221283783783783, 0.623407335907336, 0.6165057915057914, 0.6214092664092664, 0.6322779922779922, 0.6065299227799228, 0.6149276061776061, 0.6233011583011584, 0.6158687258687261, 0.6501640926640927, 0.6229150579150579, 0.6404391891891893, 0.6094256756756756, 0.624054054054054, 0.6177944015444016, 0.6238030888030888, 0.6257673745173744, 0.6274517374517374, 0.6265588803088803, 0.6282722007722008, 0.6311003861003861, 0.6149324324324325, 0.6180164092664093, 0.627200772200772, 0.6130405405405406, 0.6249083011583011, 0.6129005791505792, 0.6158204633204634, 0.6191891891891891, 0.6221959459459458, 0.6150772200772201, 0.6283445945945946, 0.6322442084942085, 0.6213658301158301, 0.6181901544401545, 0.617972972972973, 0.6317808880308879, 0.6175434362934362, 0.6288127413127413, 0.6468388030888033, 0.602953667953668, 0.6452316602316602, 0.6247635135135134, 0.6191554054054053, 0.6176158301158301, 0.6115347490347489, 0.6269546332046332, 0.6205839768339768, 0.6032046332046331, 0.6313851351351352, 0.6128957528957528, 0.6099613899613898, 0.6245897683397684, 0.630207528957529, 0.6181563706563707, 0.6164333976833977, 0.6332818532818533, 0.609604247104247, 0.6251978764478764, 0.6290588803088804, 0.6070318532818533]","[0.0, 1.0, 0.0, 0.0, 0.0, 0.0, 0.0, 0.0, 0.0, 0.0, 0.0, 0.0, 0.0, 0.0, 0.0, 0.0, 0.0, 0.0, 0.0, 0.0, 0.0, 0.0, 0.0, 0.0, 0.0, 1.0, 0.0, 1.0]",0.9892857142857143,1.0,,"[0.6788610038610039, 0.6774131274131274, 0.6581081081081082, 0.6444980694980695, 0.6444980694980695, 0.6438223938223938, 0.6337837837837839, 0.6094594594594593, 0.6058880308880308, 0.6023166023166022, 0.600868725868726, 0.5901544401544402, 0.5851351351351353, 0.5801158301158301, 0.5744208494208495, 0.5694015444015443, 0.5658301158301158, 0.5622586872586872, 0.5586872586872587, 0.5551158301158301]","[0.7027027027027027, 0.6891891891891891, 0.6756756756756757, 0.6756756756756757, 0.6486486486486487, 0.6486486486486487, 0.6486486486486487, 0.6216216216216216, 0.6216216216216216, 0.6216216216216216, 0.6081081081081081, 0.6081081081081081, 0.5945945945945946, 0.5945945945945946, 0.581081081081081, 0.581081081081081, 0.581081081081081, 0.581081081081081, 0.581081081081081, 0.581081081081081]"
28,20,100,6.8290181159973145,"[0.6734749034749036, 0.6742857142857144, 0.6627461389961391, 0.6693194980694981, 0.6895752895752896, 0.6636052123552123, 0.6866361003861003, 0.6990926640926641, 0.6697924710424711, 0.6645752895752894, 0.654449806949807, 0.6622586872586872, 0.6602509652509653, 0.6610762548262549, 0.6588561776061777, 0.6582866795366795, 0.6543194980694981, 0.652842664092664, 0.6489140926640926, 0.6328909266409267, 0.6495559845559846, 0.6613610038610039, 0.6594642857142856, 0.6626496138996137, 0.6690540540540539, 0.6358687258687258, 0.6611776061776061, 0.6540009652509653, 0.6501689189189189, 0.6701978764478765, 0.6779247104247105, 0.6482287644787645, 0.6651158301158301, 0.6637210424710424, 0.6554584942084942, 0.6589285714285714, 0.6591795366795368, 0.6501303088803088, 0.6738416988416989, 0.6634749034749036, 0.6739864864864865, 0.6654391891891892, 0.6742422779922779, 0.6700530888030889, 0.6532142857142856, 0.6771332046332047, 0.679280888030888, 0.6907625482625483, 0.6600675675675677, 0.6479777992277992, 0.6648648648648648, 0.6662644787644788, 0.6768870656370656, 0.6683638996138995, 0.6725627413127413, 0.6555357142857143, 0.67480694980695, 0.6813561776061776, 0.6526737451737452, 0.6691940154440155, 0.659787644787645, 0.6643291505791507, 0.6534169884169885, 0.6631853281853282, 0.6714140926640927, 0.6557866795366796, 0.6729102316602316, 0.691230694980695, 0.6710521235521235, 0.6689430501930502, 0.6749855212355212, 0.65875, 0.6706563706563706, 0.678426640926641, 0.665907335907336, 0.652273166023166, 0.6580019305019306, 0.6801737451737452, 0.6761389961389963, 0.68636583011583, 0.6721380308880307, 0.6695897683397682, 0.665511583011583, 0.6641167953667955, 0.6725530888030888, 0.6640444015444016, 0.6937741312741312, 0.6486631274131274, 0.6497683397683397, 0.6570318532818533, 0.6664092664092663, 0.6590057915057915, 0.6450144787644787, 0.6618629343629345, 0.6490250965250965, 0.6602171814671814, 0.6614720077220078, 0.6595366795366796, 0.6795318532818533, 0.6549276061776064]","[0.0, 0.0, 0.0, 0.0, 0.0, 0.0, 0.0, 0.0, 1.0, 1.0, 1.0, 0.0, 0.0, 0.0, 0.0, 0.0, 0.0, 1.0, 0.0, 1.0, 0.0, 0.0, 0.0, 0.0, 0.0, 1.0, 0.0, 1.0]",0.9506756756756757,0.972972972972973,,"[0.758976833976834, 0.758976833976834, 0.7346525096525097, 0.7053088803088804, 0.6981660231660233, 0.6824324324324325, 0.6752895752895753, 0.6616795366795367, 0.6581081081081082, 0.6545366795366795, 0.6473938223938224, 0.6337837837837839, 0.6337837837837839, 0.6216216216216215, 0.6194980694980695, 0.6180501930501929, 0.6109073359073358, 0.577992277992278, 0.5744208494208495, 0.5729729729729729]","[0.7837837837837838, 0.7837837837837838, 0.7567567567567568, 0.7162162162162162, 0.7162162162162162, 0.7027027027027027, 0.7027027027027027, 0.6756756756756757, 0.6756756756756757, 0.6756756756756757, 0.6756756756756757, 0.6486486486486487, 0.6486486486486487, 0.6486486486486487, 0.6351351351351351, 0.6351351351351351, 0.6351351351351351, 0.5945945945945946, 0.5945945945945946, 0.581081081081081]"
28,20,100,6.5021514892578125,"[0.6364140926640925, 0.6465733590733591, 0.6733638996138996, 0.6470366795366796, 0.6698262548262549, 0.6551978764478765, 0.6467953667953668, 0.6497297297297299, 0.638315637065637, 0.6177171814671815, 0.6354633204633203, 0.660284749034749, 0.6212934362934364, 0.6192905405405404, 0.6520559845559845, 0.6369305019305019, 0.6228667953667955, 0.6315299227799227, 0.6431901544401545, 0.6099951737451738, 0.6477316602316601, 0.6362789575289576, 0.6160762548262548, 0.6294160231660232, 0.6236245173745173, 0.6250144787644788, 0.6425820463320464, 0.641722972972973, 0.6168629343629343, 0.6049855212355212, 0.6125675675675676, 0.6357915057915058, 0.6301689189189189, 0.6511631274131273, 0.6447972972972974, 0.6152171814671814, 0.6236631274131275, 0.6305984555984556, 0.6202606177606178, 0.6284507722007723, 0.6552799227799228, 0.6305308880308881, 0.6232722007722009, 0.6152557915057917, 0.6403330115830117, 0.6094932432432433, 0.6201592664092663, 0.6260521235521235, 0.620661196911197, 0.6086727799227799, 0.6383301158301158, 0.620511583011583, 0.6260521235521236, 0.6444063706563706, 0.6239092664092665, 0.6187982625482625, 0.614184362934363, 0.6447249034749035, 0.6121814671814672, 0.6384314671814673, 0.6292374517374518, 0.6309555984555985, 0.630057915057915, 0.6204440154440155, 0.6214720077220077, 0.6191554054054053, 0.6194787644787645, 0.6161486486486487, 0.6259169884169883, 0.6288851351351352, 0.6247731660231659, 0.6193339768339768, 0.6208349420849422, 0.6172586872586874, 0.634280888030888, 0.6263416988416989, 0.640472972972973, 0.610284749034749, 0.6230212355212356, 0.6244449806949807, 0.6332528957528958, 0.62992277992278, 0.6070608108108109, 0.635680501930502, 0.6354343629343628, 0.6042036679536679, 0.6286727799227799, 0.6310617760617759, 0.621269305019305, 0.6345656370656372, 0.6008735521235521, 0.645226833976834, 0.624411196911197, 0.6277750965250966, 0.6273407335907335, 0.6310666023166023, 0.611703667953668, 0.6373262548262548, 0.6166554054054054, 0.6236583011583012]","[1.0, 0.0, 0.0, 0.0, 0.0, 0.0, 1.0, 1.0, 0.0, 0.0, 0.0, 1.0, 0.0, 0.0, 0.0, 0.0, 0.0, 0.0, 0.0, 0.0, 0.0, 0.0, 0.0, 1.0, 0.0, 1.0, 1.0, 1.0]",0.9592664092664093,0.9864864864864865,,"[0.6996138996138995, 0.6788610038610039, 0.645945945945946, 0.6444980694980695, 0.640926640926641, 0.6359073359073358, 0.6337837837837839, 0.6316602316602317, 0.6287644787644787, 0.6280888030888031, 0.6266409266409266, 0.6216216216216215, 0.6166023166023166, 0.613030888030888, 0.6115830115830116, 0.6044401544401545, 0.5937258687258687, 0.5815637065637066, 0.5694015444015443, 0.5665057915057915]","[0.7297297297297297, 0.7027027027027027, 0.6621621621621622, 0.6621621621621622, 0.6621621621621622, 0.6486486486486487, 0.6486486486486487, 0.6486486486486487, 0.6486486486486487, 0.6351351351351351, 0.6351351351351351, 0.6351351351351351, 0.6216216216216216, 0.6216216216216216, 0.6081081081081081, 0.6081081081081081, 0.6081081081081081, 0.5945945945945946, 0.581081081081081, 0.5540540540540541]"
28,20,100,6.486428260803223,"[0.6615299227799228, 0.6648889961389962, 0.678730694980695, 0.6880308880308881, 0.6936872586872587, 0.6975868725868726, 0.6891023166023166, 0.7001254826254827, 0.6563030888030889, 0.6738030888030888, 0.6741602316602316, 0.6778426640926642, 0.6965540540540541, 0.6821042471042472, 0.6597490347490348, 0.6676930501930503, 0.6768098455598456, 0.6428667953667955, 0.6604633204633205, 0.6452992277992278, 0.6652944015444014, 0.6492712355212356, 0.6503474903474904, 0.6695125482625482, 0.6529584942084943, 0.6579295366795367, 0.6496669884169884, 0.6584652509652511, 0.6745608108108108, 0.6568870656370657, 0.6574662162162161, 0.6588175675675676, 0.6531322393822394, 0.6581467181467182, 0.6684073359073359, 0.6464092664092664, 0.6494449806949807, 0.653918918918919, 0.6471959459459459, 0.6544980694980695, 0.6574227799227799, 0.6591119691119691, 0.6544932432432432, 0.6584604247104248, 0.654715250965251, 0.6666891891891892, 0.6368243243243242, 0.6483783783783783, 0.6539575289575289, 0.6567133204633204, 0.6659025096525097, 0.6499903474903476, 0.6535328185328186, 0.6452316602316603, 0.6613996138996139, 0.6453716216216216, 0.6542374517374516, 0.6637258687258687, 0.6512065637065637, 0.6487355212355213, 0.6601110038610039, 0.6415106177606178, 0.6699083011583011, 0.6585038610038609, 0.6618629343629344, 0.6605405405405407, 0.6540299227799229, 0.6611872586872588, 0.6481322393822394, 0.6412258687258687, 0.6675096525096526, 0.6461631274131274, 0.6489189189189188, 0.6489092664092664, 0.6392953667953668, 0.6497297297297298, 0.6573600386100387, 0.6427316602316603, 0.6659025096525097, 0.6489140926640926, 0.6541409266409266, 0.6776061776061775, 0.675168918918919, 0.6608976833976834, 0.6573600386100387, 0.6479874517374518, 0.6590009652509653, 0.6565733590733591, 0.670304054054054, 0.6459121621621622, 0.6538465250965251, 0.6560714285714285, 0.6392277992277993, 0.6530598455598456, 0.6547490347490348, 0.63117277992278, 0.650492277992278, 0.6538899613899615, 0.6596090733590735, 0.6895125482625482]","[0.0, 1.0, 0.0, 0.0, 0.0, 0.0, 0.0, 0.0, 0.0, 0.0, 0.0, 0.0, 1.0, 0.0, 1.0, 0.0, 0.0, 0.0, 0.0, 1.0, 0.0, 0.0, 0.0, 0.0, 0.0, 0.0, 1.0, 1.0]",0.9785714285714285,1.0,,"[0.9070463320463321, 0.8197876447876448, 0.7854247104247104, 0.7818532818532818, 0.7432432432432432, 0.7031853281853281, 0.6881274131274131, 0.6788610038610039, 0.6774131274131274, 0.6738416988416989, 0.6681467181467182, 0.6616795366795367, 0.6373552123552124, 0.6373552123552124, 0.6337837837837839, 0.6266409266409266, 0.6266409266409266, 0.6245173745173745, 0.6194980694980695, 0.5958494208494209]","[0.9324324324324325, 0.8513513513513513, 0.7972972972972973, 0.7972972972972973, 0.7702702702702703, 0.7297297297297297, 0.7027027027027027, 0.7027027027027027, 0.6891891891891891, 0.6891891891891891, 0.6891891891891891, 0.6756756756756757, 0.6621621621621622, 0.6486486486486487, 0.6486486486486487, 0.6486486486486487, 0.6486486486486487, 0.6486486486486487, 0.6486486486486487, 0.5945945945945946]"
28,20,100,6.672755241394043,"[0.6911148648648647, 0.668503861003861, 0.6710086872586872, 0.6595222007722009, 0.6747345559845559, 0.6495173745173746, 0.6542374517374517, 0.6844932432432432, 0.6554198841698841, 0.6528426640926641, 0.6496573359073359, 0.6413272200772202, 0.6594256756756758, 0.6493677606177608, 0.6432239382239382, 0.655815637065637, 0.6472972972972972, 0.6516650579150578, 0.6422924710424709, 0.6455839768339767, 0.6617857142857144, 0.6575675675675675, 0.6459797297297298, 0.6504874517374517, 0.6743870656370656, 0.6709073359073359, 0.6437258687258688, 0.6544208494208495, 0.6415781853281854, 0.6699806949806951, 0.6503040540540541, 0.6559555984555984, 0.6525241312741312, 0.6777123552123553, 0.6255936293436293, 0.6745608108108108, 0.6599324324324324, 0.6343146718146718, 0.6356805019305019, 0.6515588803088803, 0.6371138996138995, 0.6729198841698842, 0.6412210424710425, 0.6533108108108109, 0.6319980694980696, 0.6822442084942086, 0.6495945945945946, 0.6881515444015444, 0.6509169884169884, 0.6351737451737453, 0.6664430501930503, 0.6520608108108108, 0.6598938223938224, 0.6503812741312741, 0.6460907335907337, 0.6430791505791507, 0.6461245173745174, 0.6571428571428573, 0.6471911196911196, 0.6684797297297297, 0.633996138996139, 0.6604295366795367, 0.6512741312741313, 0.6473407335907335, 0.6596428571428571, 0.6500965250965252, 0.6719111969111969, 0.6653667953667954, 0.6333542471042471, 0.6588561776061777, 0.6357480694980695, 0.6567857142857141, 0.6698407335907336, 0.6330743243243242, 0.6452606177606177, 0.6635810810810809, 0.6534169884169884, 0.6525627413127414, 0.6421138996138996, 0.6801110038610038, 0.6519208494208494, 0.6486631274131275, 0.6690202702702702, 0.6559218146718147, 0.6515637065637065, 0.6525241312741313, 0.6462644787644788, 0.674092664092664, 0.6673359073359073, 0.6595704633204633, 0.6724903474903474, 0.66253861003861, 0.6525627413127413, 0.6506998069498069, 0.6579971042471043, 0.6607191119691118, 0.6481611969111969, 0.655777027027027, 0.6591795366795367, 0.6594642857142856]","[0.0, 0.0, 0.0, 0.0, 0.0, 0.0, 0.0, 1.0, 0.0, 0.0, 0.0, 0.0, 1.0, 0.0, 0.0, 0.0, 0.0, 0.0, 0.0, 0.0, 1.0, 1.0, 1.0, 1.0, 0.0, 0.0, 0.0, 1.0]",0.9385135135135134,0.9594594594594594,,"[0.8791505791505791, 0.7346525096525097, 0.7296332046332046, 0.721042471042471, 0.6996138996138995, 0.6616795366795367, 0.6509652509652509, 0.6473938223938224, 0.6444980694980695, 0.640926640926641, 0.6352316602316602, 0.6337837837837839, 0.6323359073359073, 0.6323359073359073, 0.6302123552123552, 0.6251930501930502, 0.6094594594594593, 0.6058880308880308, 0.5901544401544402, 0.5851351351351353]","[0.9054054054054054, 0.7567567567567568, 0.7432432432432432, 0.7297297297297297, 0.7297297297297297, 0.6756756756756757, 0.6756756756756757, 0.6756756756756757, 0.6621621621621622, 0.6486486486486487, 0.6486486486486487, 0.6486486486486487, 0.6486486486486487, 0.6351351351351351, 0.6351351351351351, 0.6351351351351351, 0.6216216216216216, 0.6216216216216216, 0.6081081081081081, 0.5945945945945946]"
28,20,100,6.722251892089844,"[0.6396332046332046, 0.6475000000000001, 0.6207480694980696, 0.6432866795366795, 0.6300482625482625, 0.6417808880308881, 0.6315540540540541, 0.6139913127413129, 0.6063803088803089, 0.6236872586872587, 0.6218967181467181, 0.611418918918919, 0.6134604247104247, 0.6246525096525096, 0.6185376447876448, 0.6153523166023166, 0.6312355212355212, 0.6040492277992278, 0.6270897683397684, 0.6138899613899614, 0.6165299227799228, 0.6253716216216216, 0.6221187258687259, 0.6276206563706563, 0.627234555984556, 0.623296332046332, 0.6209749034749035, 0.6247972972972972, 0.6152461389961389, 0.6115637065637067, 0.6214382239382239, 0.6206129343629345, 0.6214382239382239, 0.6218291505791507, 0.6297007722007723, 0.6142519305019305, 0.6034845559845559, 0.6218291505791507, 0.6250144787644788, 0.6273069498069498, 0.6397152509652511, 0.6052702702702702, 0.6261245173745174, 0.6355984555984557, 0.5993677606177606, 0.6448310810810811, 0.6284507722007723, 0.6075289575289576, 0.5993725868725869, 0.6233638996138998, 0.6073166023166022, 0.6314527027027028, 0.6183638996138996, 0.6120752895752897, 0.6318484555984556, 0.6327799227799227, 0.6243050193050194, 0.6320270270270272, 0.6246621621621621, 0.6127123552123555, 0.6236196911196912, 0.6077461389961389, 0.6166457528957529, 0.6234700772200773, 0.631534749034749, 0.6181853281853281, 0.6293050193050194, 0.629734555984556, 0.605492277992278, 0.6274179536679536, 0.6123214285714286, 0.6134604247104247, 0.635965250965251, 0.612215250965251, 0.631742277992278, 0.6483735521235521, 0.6103523166023166, 0.6129971042471043, 0.6261293436293438, 0.6105019305019306, 0.6185086872586874, 0.6191216216216215, 0.6373166023166024, 0.6195463320463321, 0.6235135135135135, 0.6190106177606178, 0.610888030888031, 0.6265926640926641, 0.6471283783783784, 0.6199034749034749, 0.6068532818532819, 0.6241216216216217, 0.6266264478764478, 0.6105308880308881, 0.6348214285714285, 0.6256998069498071, 0.6186148648648649, 0.61246138996139, 0.6334555984555985, 0.6150048262548263]","[1.0, 0.0, 0.0, 0.0, 0.0, 0.0, 0.0, 1.0, 0.0, 0.0, 0.0, 1.0, 1.0, 0.0, 0.0, 0.0, 0.0, 0.0, 0.0, 0.0, 0.0, 0.0, 0.0, 1.0, 0.0, 0.0, 0.0, 1.0]",0.942084942084942,0.9594594594594594,,"[0.7124517374517375, 0.6788610038610039, 0.6774131274131274, 0.6631274131274131, 0.6545366795366795, 0.6366795366795367, 0.6266409266409266, 0.613030888030888, 0.6109073359073358, 0.6094594594594593, 0.6080115830115831, 0.5972972972972974, 0.5922779922779924, 0.5922779922779924, 0.5901544401544402, 0.5887065637065638, 0.5815637065637066, 0.577992277992278, 0.5708494208494209, 0.5178571428571429]","[0.7162162162162162, 0.7027027027027027, 0.6891891891891891, 0.6891891891891891, 0.6756756756756757, 0.6756756756756757, 0.6486486486486487, 0.6351351351351351, 0.6216216216216216, 0.6216216216216216, 0.6081081081081081, 0.6081081081081081, 0.6081081081081081, 0.5945945945945946, 0.5945945945945946, 0.5945945945945946, 0.5945945945945946, 0.5945945945945946, 0.5945945945945946, 0.5]"
28,20,100,7.316746473312378,"[0.6282963320463321, 0.6364527027027027, 0.6333783783783783, 0.6310135135135135, 0.6438610038610038, 0.662388996138996, 0.6515540540540541, 0.6200772200772201, 0.6249806949806951, 0.6307722007722008, 0.6253716216216216, 0.6049517374517375, 0.612746138996139, 0.5965106177606178, 0.6110666023166023, 0.6205791505791505, 0.6053812741312742, 0.5961872586872587, 0.6112451737451737, 0.6046669884169884, 0.612427606177606, 0.6237982625482624, 0.6345318532818532, 0.59378861003861, 0.5914671814671815, 0.6047393822393822, 0.6143291505791505, 0.5945415057915058, 0.6089237451737451, 0.6127799227799228, 0.6014092664092663, 0.5821332046332046, 0.6216602316602315, 0.6211196911196911, 0.6059555984555985, 0.5907528957528957, 0.60863416988417, 0.6181853281853281, 0.6084169884169883, 0.6012017374517374, 0.5793774131274131, 0.6011969111969112, 0.6082432432432432, 0.5875337837837838, 0.6067760617760618, 0.6166505791505792, 0.6018388030888031, 0.5849613899613899, 0.5902847490347491, 0.5986534749034749, 0.604092664092664, 0.5868870656370656, 0.5787306949806951, 0.5871766409266409, 0.5941843629343628, 0.5919015444015444, 0.6049179536679536, 0.593899613899614, 0.5726206563706564, 0.5945028957528957, 0.6148552123552122, 0.5952944015444015, 0.5912162162162161, 0.611891891891892, 0.6406515444015443, 0.575984555984556, 0.598050193050193, 0.5933928571428572, 0.6116747104247103, 0.6011293436293437, 0.5960762548262547, 0.5986583011583011, 0.6022393822393822, 0.6074179536679536, 0.6278812741312739, 0.5971525096525095, 0.6049855212355212, 0.5895752895752896, 0.5991264478764479, 0.6172538610038609, 0.5969063706563705, 0.5882094594594595, 0.6085666023166023, 0.6081708494208493, 0.6084218146718146, 0.6140299227799227, 0.5987982625482624, 0.5972586872586871, 0.5854584942084943, 0.5991554054054055, 0.6090299227799227, 0.5901833976833977, 0.6039864864864865, 0.5921525096525097, 0.590608108108108, 0.6127123552123552, 0.6013368725868726, 0.576192084942085, 0.5991216216216215, 0.5820608108108107]","[0.0, 0.0, 0.0, 1.0, 0.0, 0.0, 0.0, 0.0, 0.0, 0.0, 1.0, 0.0, 0.0, 0.0, 1.0, 0.0, 0.0, 0.0, 0.0, 0.0, 0.0, 0.0, 0.0, 0.0, 0.0, 1.0, 0.0, 1.0]",0.9821428571428571,1.0,,"[0.6702702702702703, 0.6566602316602317, 0.6287644787644787, 0.6251930501930502, 0.6216216216216215, 0.6073359073359073, 0.6058880308880308, 0.6023166023166022, 0.5901544401544402, 0.5872586872586872, 0.5729729729729729, 0.5608108108108107, 0.5572393822393822, 0.5536679536679536, 0.5536679536679536, 0.5465250965250965, 0.5436293436293437, 0.542953667953668, 0.5207528957528957, 0.4935328185328185]","[0.6891891891891891, 0.6621621621621622, 0.6351351351351351, 0.6351351351351351, 0.6351351351351351, 0.6351351351351351, 0.6216216216216216, 0.6216216216216216, 0.6081081081081081, 0.581081081081081, 0.581081081081081, 0.5675675675675675, 0.5675675675675675, 0.5675675675675675, 0.5675675675675675, 0.5675675675675675, 0.5675675675675675, 0.5405405405405406, 0.527027027027027, 0.47297297297297297]"
28,20,100,6.76326584815979,"[0.667818532818533, 0.6711486486486486, 0.6595608108108107, 0.6934025096525096, 0.674831081081081, 0.6774083011583012, 0.6943677606177607, 0.649546332046332, 0.6511583011583012, 0.6408590733590735, 0.6341023166023166, 0.641969111969112, 0.6529488416988417, 0.6519884169884168, 0.6293822393822394, 0.6394256756756758, 0.6244111969111968, 0.6451930501930503, 0.6236534749034749, 0.6605019305019305, 0.6429681467181468, 0.649411196911197, 0.631819498069498, 0.6603571428571429, 0.6533494208494208, 0.6485907335907336, 0.6520608108108108, 0.6416843629343629, 0.6424034749034749, 0.6338899613899616, 0.6360328185328186, 0.618938223938224, 0.6300965250965251, 0.6609314671814672, 0.640434362934363, 0.6370366795366795, 0.6440830115830116, 0.6392567567567566, 0.6355743243243244, 0.6390395752895752, 0.635246138996139, 0.6456563706563707, 0.6336341698841699, 0.6405405405405405, 0.6336100386100385, 0.6465878378378379, 0.6426496138996138, 0.6352509652509654, 0.6486293436293437, 0.6508783783783786, 0.6230888030888031, 0.6660859073359073, 0.6582866795366795, 0.6511969111969111, 0.6268822393822393, 0.6299179536679538, 0.671119691119691, 0.6455550193050192, 0.6184362934362935, 0.6338561776061776, 0.652138030888031, 0.6486969111969113, 0.6574179536679536, 0.6429391891891891, 0.646438223938224, 0.6333108108108109, 0.6522007722007721, 0.6444353281853281, 0.6672249034749035, 0.6380743243243242, 0.6638947876447877, 0.6447586872586872, 0.6400386100386102, 0.6555260617760618, 0.6576013513513514, 0.6419739382239383, 0.642972972972973, 0.6516650579150579, 0.6322104247104248, 0.6696187258687258, 0.6420028957528959, 0.6525241312741312, 0.63746138996139, 0.6366071428571429, 0.6597490347490347, 0.6403957528957529, 0.6509121621621621, 0.6494884169884171, 0.6541650579150579, 0.6450482625482626, 0.6429054054054054, 0.6413610038610039, 0.6468001930501931, 0.6398648648648649, 0.6462644787644788, 0.6441891891891892, 0.6519160231660232, 0.6547007722007722, 0.657099420849421, 0.658996138996139]","[1.0, 1.0, 0.0, 1.0, 0.0, 0.0, 0.0, 0.0, 0.0, 0.0, 1.0, 1.0, 0.0, 0.0, 0.0, 0.0, 0.0, 0.0, 0.0, 0.0, 0.0, 0.0, 0.0, 0.0, 0.0, 0.0, 0.0, 1.0]",0.9664092664092664,0.9864864864864865,,"[0.8791505791505791, 0.7403474903474903, 0.7396718146718146, 0.7002895752895754, 0.6967181467181468, 0.6673745173745174, 0.6581081081081082, 0.6530888030888031, 0.6530888030888031, 0.6495173745173746, 0.6495173745173746, 0.6394787644787644, 0.6352316602316602, 0.6194980694980695, 0.6144787644787644, 0.613030888030888, 0.6058880308880308, 0.600868725868726, 0.5901544401544402, 0.5744208494208495]","[0.9054054054054054, 0.7702702702702703, 0.7432432432432432, 0.7027027027027027, 0.7027027027027027, 0.6756756756756757, 0.6621621621621622, 0.6621621621621622, 0.6621621621621622, 0.6621621621621622, 0.6621621621621622, 0.6621621621621622, 0.6486486486486487, 0.6351351351351351, 0.6351351351351351, 0.6216216216216216, 0.6216216216216216, 0.6081081081081081, 0.6081081081081081, 0.5945945945945946]"
28,20,100,6.811865329742432,"[0.6638175675675675, 0.6634942084942084, 0.6516940154440155, 0.6607094594594595, 0.6272683397683398, 0.6640009652509651, 0.692688223938224, 0.6517712355212356, 0.6555260617760619, 0.6465492277992277, 0.6458687258687259, 0.6665830115830116, 0.6496283783783784, 0.6373262548262548, 0.6449034749034749, 0.6448310810810811, 0.633103281853282, 0.6469835907335907, 0.6651882239382239, 0.6759845559845561, 0.6726592664092665, 0.6388610038610039, 0.6342857142857143, 0.6406129343629344, 0.6442277992277992, 0.6354633204633205, 0.6448745173745174, 0.6502750965250965, 0.6369739382239382, 0.6421911196911196, 0.6469063706563707, 0.6293146718146719, 0.6383976833976834, 0.645376447876448, 0.6479488416988416, 0.6384025096525098, 0.6488465250965251, 0.6496332046332046, 0.6547779922779922, 0.6527750965250967, 0.6479874517374518, 0.6250579150579151, 0.648918918918919, 0.6444787644787644, 0.6296380308880309, 0.6492374517374517, 0.6681225868725869, 0.6325000000000001, 0.6521380308880309, 0.6536052123552123, 0.6546718146718147, 0.6336727799227798, 0.6544256756756758, 0.6559604247104247, 0.63878861003861, 0.6328185328185328, 0.6593581081081081, 0.6486969111969112, 0.6521042471042471, 0.6488465250965251, 0.6506322393822395, 0.6596476833976833, 0.6548166023166022, 0.6432625482625484, 0.6345366795366795, 0.6425820463320464, 0.6484121621621621, 0.6246235521235521, 0.6405067567567567, 0.6372200772200772, 0.66125, 0.6440540540540541, 0.6417953667953669, 0.6234169884169883, 0.657253861003861, 0.6464140926640927, 0.6292084942084941, 0.6345028957528958, 0.6617905405405405, 0.624449806949807, 0.6352895752895752, 0.6463320463320464, 0.6460617760617761, 0.6543146718146717, 0.6489478764478764, 0.6458783783783785, 0.641399613899614, 0.6288175675675676, 0.6321766409266409, 0.6321766409266409, 0.6513513513513514, 0.650627413127413, 0.6327461389961389, 0.6378957528957528, 0.6474855212355213, 0.657466216216216, 0.644300193050193, 0.6476978764478765, 0.6406177606177607, 0.6626110038610038]","[0.0, 0.0, 0.0, 1.0, 0.0, 0.0, 1.0, 0.0, 0.0, 0.0, 0.0, 0.0, 0.0, 1.0, 0.0, 0.0, 0.0, 0.0, 0.0, 0.0, 1.0, 0.0, 0.0, 1.0, 0.0, 0.0, 1.0, 1.0]",0.9628378378378378,0.9864864864864865,,"[0.8548262548262548, 0.7246138996138995, 0.708880308880309, 0.6795366795366795, 0.6774131274131274, 0.6709459459459459, 0.6566602316602317, 0.6530888030888031, 0.6509652509652509, 0.6495173745173746, 0.645945945945946, 0.6423745173745173, 0.6423745173745173, 0.6423745173745173, 0.6352316602316602, 0.6316602316602317, 0.6280888030888031, 0.6266409266409266, 0.6194980694980695, 0.6115830115830116]","[0.8783783783783784, 0.7297297297297297, 0.7162162162162162, 0.6891891891891891, 0.6756756756756757, 0.6756756756756757, 0.6621621621621622, 0.6621621621621622, 0.6621621621621622, 0.6621621621621622, 0.6621621621621622, 0.6621621621621622, 0.6621621621621622, 0.6621621621621622, 0.6621621621621622, 0.6621621621621622, 0.6621621621621622, 0.6486486486486487, 0.6486486486486487, 0.6081081081081081]"
